id,source,name,place_id,address,city,state,phone,website,category,rating,reviews,first_name,last_name,contact_title,email,linkedin,intent,why,signals,created_at,updated_at
2,google_maps,Sage Fire Protection,ChIJM3SoJqi3woAR-poUQAO1Uvw,"12512 Felton Ave, Hawthorne, CA 90250, USA",Hawthorne,CA,(213) 698-4777,https://fireprotectionhawthorne.com/,fire protection,5,30,,,,,,,,,2026-03-21T22:40:43.68614+00:00,2026-03-21T22:40:43.68614+00:00
3,google_maps,West Coat Fire Protection,ChIJq6qqqlqxwoARL5v_ll3oYR4,"El Segundo, CA 90245, USA",El Segundo,CA,(310) 322-3473,http://www.westcoast-fireprotection.com/,fire protection,5,2,,,,,,,,,2026-03-21T22:40:43.68614+00:00,2026-03-21T22:40:43.68614+00:00
4,google_maps,Atlas Fire Sprinkler Systems Inglewood,ChIJH9JlEx63woARmTMcraalWeE,"3625 W 120th St apt r2, Inglewood, CA 90303, USA",Inglewood,CA,(310) 997-4891,https://firesprinklersystemsinglewood.com/,fire protection,5,33,,,,,,,,,2026-03-21T22:40:43.68614+00:00,2026-03-21T22:40:43.68614+00:00
5,google_maps,Summit Fire Protection,ChIJV8LBSDW1woAR6wjg5SWvP8g,"1533 W 124th St, Los Angeles, CA 90047, USA",Los Angeles,CA,(424) 487-5757,https://fireprotectionlosangeles.net/,fire protection,4.7,32,,,,,,,,,2026-03-21T22:40:43.68614+00:00,2026-03-21T22:40:43.68614+00:00
6,google_maps,Affordable Fire Services,ChIJA4qaPui7woARm-T1IFyNus8,"11734 Gateway Blvd, Los Angeles, CA 90064, USA",Los Angeles,CA,(310) 746-3653,http://www.affordablefireservices.com/,fire protection,3.7,6,,,,,,,,,2026-03-21T22:40:43.68614+00:00,2026-03-21T22:40:43.68614+00:00
7,google_maps,Leaders LA Fire Sprinklers & Hood Cleaning,ChIJtwn54UW3woAR0VqqpExSASE,"6122 Haas Ave, Los Angeles, CA 90047, USA",Los Angeles,CA,(213) 320-5234,https://lafiresprinklers.com/,fire protection,5,31,,,,,,,,,2026-03-21T22:40:43.68614+00:00,2026-03-21T22:40:43.68614+00:00
8,google_maps,Echo Fire Protection Services,ChIJE6Dk08ilwoAROM7oB4mUw2o,"1427 9th St apt d, Santa Monica, CA 90401, USA",Santa Monica,CA,(626) 331-0819,https://fireprotectionsantamonica.com/,fire protection,5,30,,,,,,,,,2026-03-21T22:40:43.68614+00:00,2026-03-21T22:40:43.68614+00:00
9,google_maps,"American Fire Protection Systems, Inc.",ChIJOdSRbv3OwoAR-KQiuRCNNZ0,"5113 E Washington Blvd, Commerce, CA 90040, USA",Commerce,CA,(888) 570-8828,http://www.americanfireinc.com/,Dc Fire Protection - Fire Sprinkler Systems,5,5,Simon,Farahdel,CEO,simon@americanfireinc.com,http://www.linkedin.com/in/simonfarahdel,BULLSEYE,"CEO of a Southern California fire sprinkler contractor (11–50) with long tenure signal (2005–present) and hiring activity—strong operational scale for BasisBoard value. Age/50+ is not confirmed (tenure suggests experienced but could be younger than target), so slightly below top retirement-aligned leads.","CEO / Primary Decision-Maker: Simon Farahdel is listed as CEO/Owner of American Fire Protection Systems (AFPS), giving him strategic purchasing authority for operational tools and vendor relationships — a direct decision-maker for a bid-management platform. This is a strong signal that outreach to him can target executive-level approval and ROI conversations.

Long Tenure / Established Leader: Public records show long tenure at AFPS (ZoomInfo cites 2005–present, ~21+ years) and UCLA education, indicating institutional knowledge and focus on long-term operational efficiency — useful when framing BasisBoard as a stability- and ROI-driven improvement rather than a risky change.

Small–Mid Company Fit: AFPS is publicly reported as a 11–50 employee, Southern California fire-protection contractor (sprinklers, life-safety, service). That company size and service footprint match BasisBoard’s target ICP and suggests material gains from centralized bid and addenda workflows.

Active Hiring / Growth Signal: Public LinkedIn activity shows AFPS and/or Simon posting hiring announcements (e.g., “WE’RE HIRING!”), signaling expansion and increased bid volume — a prime time to propose tools that reduce missed deadlines and streamline estimator workflows.",2026-03-21T22:40:43.68614+00:00,2026-03-21T22:59:02.194228+00:00
10,google_maps,Rivers Fire Protection,ChIJp1Epujq3woARYy6EUgiyE3Q,"4917 Arlington Ave, Los Angeles, CA 90043, USA",Los Angeles,CA,(213) 693-1189,https://fireprotectionlosangelesca.net/,fire protection,4.9,31,,,,,,,,,2026-03-21T22:40:43.68614+00:00,2026-03-21T22:40:43.68614+00:00
11,google_maps,FPLA - Fire Protection Los Angeles,ChIJ4XKGEkOz54kRWRyJ7LdXRDc,"660 N Sweetzer Ave, West Hollywood, CA 90048, USA",West Hollywood,CA,(323) 709-7372,https://fire-protection-los-angeles.com/,Fire Protection and Life Safety,5,15,,,,,,,,,2026-03-21T22:40:43.68614+00:00,2026-03-21T22:59:02.194228+00:00
12,google_maps,Optimal Fire Sprinkler Protection,ChIJWX1z3z833YARMQbAAtRJBdg,"111 E C St, Wilmington, CA 90744, USA",Wilmington,CA,(424) 587-2819,https://fireprotectionwilmington.com/,fire protection,5,29,,,,,,,,,2026-03-21T22:40:43.68614+00:00,2026-03-21T22:40:43.68614+00:00
13,google_maps,KO Fire Protection,ChIJ7_J5v8y-woARFJBrG53qL9Q,"1753 S Garth Ave, Los Angeles, CA 90035, USA",Los Angeles,CA,(310) 943-0917,https://www.kofireinc.com/,fire protection,4.7,14,,,,,,,,,2026-03-21T22:40:43.68614+00:00,2026-03-21T22:40:43.68614+00:00
14,google_maps,Sure Fire Protection,ChIJw9sjIzi5woARFbno7bdgGEE,"6402 Maryland Dr, Los Angeles, CA 90048, USA",Los Angeles,CA,(877) 347-3660,https://surefireprevention.com/,fire protection,5,14,,,,,,,,,2026-03-21T22:40:43.68614+00:00,2026-03-21T22:40:43.68614+00:00
15,google_maps,proficiency fire protection and plumbing,ChIJTS07_1lK3YARMRy8FNI64-k,"2785 CA-1, Torrance, CA 90505, USA",Torrance,CA,(800) 385-0585,http://www.fireprotectionca.com/contact/,fire protection,4.5,2,,,,,,,,,2026-03-21T22:40:43.68614+00:00,2026-03-21T22:40:43.68614+00:00
16,google_maps,Reliable Fire Protection,ChIJNZi_LAvHwoARmIaHiIcOgxo,"526 Main St, Los Angeles, CA 90013, USA",Los Angeles,CA,(310) 620-1975,https://lafiresysteminspections.com/,fire protection,5,30,,,,,,,,,2026-03-21T22:40:43.68614+00:00,2026-03-21T22:40:43.68614+00:00
17,google_maps,Premier Fire Protection,ChIJu9o41krNwoARdmdR2ElUiXc,"7719 Somerset Blvd, Paramount, CA 90723, USA",Paramount,CA,(909) 298-1345,https://fireprotectionparamount.com/,fire protection,4.8,30,,,,,,,,,2026-03-21T22:40:43.68614+00:00,2026-03-21T22:40:43.68614+00:00
18,google_maps,"Pal Fire Protection, Inc.",ChIJa-KElUyUwoAROGiwALn4xKE,"7301 N Clybourn Ave UNIT 7, Sun Valley, CA 91352, USA",Sun Valley,CA,(323) 300-4709,https://palfirepro.com/,fire protection,5,8,Payam,Lavi,President,,http://www.linkedin.com/in/payamlavi,HIGH,"President/CEO/CFO of a Los Angeles-area firm is a strong authority signal, but the company appears more extinguisher/kitchen system sales/maintenance and distribution-heavy (authorized service provider/distributor) than a pure sprinkler subcontractor. Founded 2015 suggests less retirement/tenure alignment, though still a relevant life-safety operator.","Founder & Multi‑Role Executive: Payam Lavi is the founder and currently holds multiple C‑level titles (President, CEO, CFO, Secretary) at Pal Fire Protection, giving him direct decision‑making authority over purchases and vendor selection. This makes him a primary sponsor for operational tools or supplier relationships.

Active Industry Communicator: Lavi has published practical content on fire extinguisher maintenance (Sept 2020) and remains active on LinkedIn, indicating openness to professional outreach and thought‑leadership engagement. Referencing his content or industry posts can personalize outreach and establish credibility.

Broad Service Footprint: Pal Fire Protection sells, installs, and maintains extinguishers, sprinklers, kitchen systems and serves clients across real estate, property management, healthcare, restaurants, studios and more — indicating recurring service contracts and opportunities for software or supply consolidation. Targeting vertical‑specific use cases (e.g., multi‑site property managers, restaurants) will resonate.

Efficiency & Cost Sensitivity: The company emphasizes 'affordable, dependable' service and a policy of 'do the job RIGHT,' suggesting focus on operational efficiency, quality control, and cost management — common pain points for small fire‑protection contractors that bid management and workflow tools address. Outreach that highlights time savings, margin protection, or bid accuracy is likely to resonate.",2026-03-21T22:40:43.68614+00:00,2026-03-21T22:40:43.68614+00:00
19,google_maps,Peak Fire Protection,ChIJVbINilbJwoAR0bdmwUzscIU,"1210 W 84th Pl, Los Angeles, CA 90044, USA",Los Angeles,CA,(213) 214-3581,https://fireprotectionlosangelesca.com/,fire protection,5,31,,,,,,,,,2026-03-21T22:40:43.68614+00:00,2026-03-21T22:40:43.68614+00:00
20,google_maps,Executive Fire Protection,ChIJDe4yijkx3YAR-AxvYwTkh1s,"65 S Pine Ave #176, Long Beach, CA 90802, USA",Long Beach,CA,(562) 429-5211,https://www.executivefireprotection.com/,fire protection,5,2,,,,,,,,,2026-03-21T22:40:43.68614+00:00,2026-03-21T22:40:43.68614+00:00
21,google_maps,Inglewood Fire Extinguisher Service,ChIJ8cQf2ui7woAR1liMFReoC-E,"828 Rose Ave, Venice, CA 90291, USA",Venice,CA,(310) 663-6659,http://www.inglewoodfire.com/,fire protection,5,6,,,,,,,,,2026-03-21T22:40:43.68614+00:00,2026-03-21T22:40:43.68614+00:00
22,google_maps,Highline Fire Sprinkler Systems,ChIJNyFs4ka1woARTxpD5x-qjo0,"2044 166th St, Torrance, CA 90504, USA",Torrance,CA,(424) 855-1189,https://fireprotectiontorrance.com/,fire protection,4.8,31,,,,,,,,,2026-03-21T22:40:43.68614+00:00,2026-03-21T22:40:43.68614+00:00
23,google_maps,golden state fire protection system,ChIJY3rFox-awoARhRy9r13vqM8,"17216 Saticoy St, Van Nuys, CA 91406, USA",Van Nuys,CA,(818) 266-9099,http://firesystemla.com/,fire protection,4.9,31,,,,,,,,,2026-03-21T22:40:43.68614+00:00,2026-03-21T22:40:43.68614+00:00
24,google_maps,A & A FIRE INC.. DBA A & A FIRE PROTECTION,ChIJh27m-XnGwoARDYH9DqMDICk,"2550 S Soto St, Vernon, CA 90058, USA",Vernon,CA,(323) 343-8726,http://www.aafirepro.com/,fire protection,4.3,9,,,,,,,,,2026-03-21T22:40:43.68614+00:00,2026-03-21T22:40:43.68614+00:00
25,google_maps,JK Fire Service Company,ChIJE8wvXO-5woARCf96UjkVr4Q,"244 S Oxford Ave Suite 8, Los Angeles, CA 90004, USA",Los Angeles,CA,(213) 800-4694,,fire protection,5,6,,,,,,,,,2026-03-21T22:40:43.68614+00:00,2026-03-21T22:40:43.68614+00:00
26,google_maps,S.O.S Fire Services - Fire Protection Services,ChIJaUH6zuibwoAR87wdIEymIJc,"6154 Aura Ave, Tarzana, CA 91335, USA",Tarzana,CA,(877) 256-0161,http://www.sosfireservices.com/,fire protection,5,31,,,,,,,,,2026-03-21T22:40:43.68614+00:00,2026-03-21T22:40:43.68614+00:00
27,google_maps,Anchor Fire Protection Inc,ChIJRzd4o-2TwoARO_89dZp9pSA,"6470 Foothill Blvd Unit E, Tujunga, CA 91042, USA",Tujunga,CA,(818) 337-3337,https://www.anchorfire.net/,fire protection,5,8,,,,,,,,,2026-03-21T22:40:43.68614+00:00,2026-03-21T22:40:43.68614+00:00
28,google_maps,FireProTech,ChIJ010ghwCVwoARgTZDOWUcyV4,"6056 San Fernando Rd, Glendale, CA 91202, USA",Glendale,CA,(818) 699-0196,https://fire-pro.tech/,fire protection,4.8,197,,,,,,,,,2026-03-21T22:40:43.68614+00:00,2026-03-21T22:40:43.68614+00:00
29,google_maps,Fire Protection Group Inc.,ChIJM4XVN0i4woARjyk9DtMhGwU,"3712 W Jefferson Blvd, Los Angeles, CA 90016, USA",Los Angeles,CA,(888) 994-2882,http://firesprinkler.com/,fire protection,4.2,10,Devin,Witters,Owner,devin@cfirepro.com,http://www.linkedin.com/in/devin-witters-4042368,GOOD,"Associated with Fire Protection Group, Inc. (11-50 employees, founded 1984) in Ventura/LA area, but the research doesn’t clearly confirm an owner/principal title (specialties listed instead). Without verified ownership and age signals, it’s a medium-confidence fit.","Operations & Estimating Expertise: LinkedIn specialties list Estimating, Sales, Engineering and Project Management, indicating Devin is involved in core operational and bid-related functions — a direct match for solutions that streamline estimating and bid workflows. This makes Devin a relevant outreach target for products that reduce bid turnaround or improve estimating accuracy.

Ventura-Based Decision Maker: Profile lists Ventura, California and shows an active LinkedIn presence (66 connections), suggesting local accessibility and a network for regional sales efforts; local presence can make in-person demos or quick reference checks easier. Targeting local contractors often improves response rates for mid-market sales.

Mid-Sized Contractor Fit: Fire Protection Group, Inc. is listed as an 11-50 employee fire protection contractor with ~$5.3M revenue, the size where process and estimating tools deliver clear ROI; this company profile aligns well with BasisBoard's value proposition for improving bid management and operational efficiency.

Growth Signal: Experienced Hire: The company added David Myers (veteran of LAFD Construction Services) in Sep 2019, signaling investment in compliance and project delivery expertise — a sign the firm is prioritizing growth and capability, which can increase openness to vendor partnerships that support scaling.

Role & Affiliation Unclear: Available snippets show Devin associated with 'Fire Protection' but do not confirm a specific title or link to Fire Protection Group, Inc.; this ambiguity means outreach should verify company affiliation and decision-making authority before pitching. A discovery or qualification step is required to confirm target status.",2026-03-21T22:40:43.68614+00:00,2026-03-21T22:40:43.68614+00:00
29,google_maps,Fire Protection Group Inc.,ChIJM4XVN0i4woARjyk9DtMhGwU,"3712 W Jefferson Blvd, Los Angeles, CA 90016, USA",Los Angeles,CA,(888) 994-2882,http://firesprinkler.com/,fire protection,4.2,10,George,Saadian,President,george@firesprinkler.com,http://www.linkedin.com/in/georgesaadian,BULLSEYE,"President of Fire Protection Group, Inc. in Los Angeles with indications of leadership dating back to 1985—very strong 50+ / long-tenure signal. Great match to principal decision-maker at a long-established CA fire protection firm.","President & Decision-Maker: Listed as President of Fire Protection Group, Inc., George Saadian is likely a primary decision-maker for purchasing and operational changes—making him a direct target for outreach about procurement and workflow tools.

Long‑Tenured Fire Veteran: Holding leadership roles reportedly since the mid-1980s (President/Gen Mgr/Chief Engineer), Saadian brings deep industry knowledge and institutional influence—useful when positioning long-term ROI and regulatory/compliance value.

Public Sprinkler Advocate: He has publicly promoted home fire sprinkler use, indicating a safety-first mindset and willingness to engage in industry advocacy—signals that he may prioritize solutions that improve safety, compliance, and reputation.

Subcontractor Operational Fit: As president of a specialized fire protection contractor based in Los Angeles, his company profile and tenure suggest common subcontractor pain points—bid management, project documentation, deadline tracking—that align directly with BasisBoard’s value proposition.",2026-03-21T22:40:43.68614+00:00,2026-03-21T22:40:43.68614+00:00
30,google_maps,U.S. Fire Protection,ChIJgzPmAhuUwoARaqExtDg_mVY,"11589 Tuxford St UNIT 1, Sun Valley, CA 91352, USA",Sun Valley,CA,(866) 410-9580,https://www.usfireprotectioninc.com/,fire protection,5,11,,,,,,,,,2026-03-21T22:40:43.68614+00:00,2026-03-21T22:40:43.68614+00:00
31,google_maps,J & F Fire Extinguisher Co,ChIJ1-beY7LJwoARXRHhh9tgYO8,"6801 Avalon Blvd, Los Angeles, CA 90003, USA",Los Angeles,CA,(323) 751-0616,,fire protection,5,3,,,,,,,,,2026-03-21T22:40:43.68614+00:00,2026-03-21T22:40:43.68614+00:00
32,google_maps,Ultimate Fire Protection Services,ChIJKZ21MvEp3YARh0TZBadBAfo,"7161 Katella Ave, Stanton, CA 90680, USA",Stanton,CA,(714) 461-3154,https://fireprotectionorangecounty.com/,fire protection,5,30,,,,,,,,,2026-03-21T22:40:43.68614+00:00,2026-03-21T22:40:43.68614+00:00
33,google_maps,Quality Fire Protection Service,ChIJJdtjawkn3YAR8hPoRvthVLQ,"7872 Aldrich Drive, Huntington Beach, CA 92647, USA",Huntington Beach,CA,(714) 576-7495,https://fireprotectionhuntingtonbeach.com/,"Quality Fire Protection, Inc.",4.9,31,,,,,,,,,2026-03-21T22:40:43.68614+00:00,2026-03-21T22:59:02.194228+00:00
34,google_maps,Superior Fire Protection,ChIJCeb9wt8z3YAR1Lnenf5Ly2M,"15853 Eucalyptus Ave, Bellflower, CA 90706, USA",Bellflower,CA,(213) 267-7633,https://fireprotectionbellflower.com/,fire protection,5,30,,,,,,,,,2026-03-21T22:40:43.68614+00:00,2026-03-21T22:40:43.68614+00:00
35,google_maps,Redfish Fire Protection Service,ChIJJ5Z6FGPFwoARlG5ujFhKSCc,"1415 S Raymond Ave, Alhambra, CA 91803, USA",Alhambra,CA,(626) 240-1191,https://fireprotectionalhambraca.com/,fire protection,4.9,31,,,,,,,,,2026-03-21T22:40:43.68614+00:00,2026-03-21T22:40:43.68614+00:00
36,google_maps,Encore Fire Extinguisher Services,ChIJtbkB4IHIwoARr9RB5i7jRB0,"1320 E 16th St, Los Angeles, CA 90021, USA",Los Angeles,CA,(800) 277-3290,,fire protection,4.7,78,,,,,,,,,2026-03-21T22:40:43.68614+00:00,2026-03-21T22:40:43.68614+00:00
37,google_maps,Academy Fire Life Safety,ChIJt2vAgcgz3YARaqhRRC4fxFo,"3760 Kilroy Airport Way Suite 600, Long Beach, CA 90806, USA",Long Beach,CA,(800) 773-4736,https://www.academyfire.com/?utm_source=googlemybusiness&utm_medium=organic&utm_campaign=mybusiness,fire protection,4.3,4,,,,,,,,,2026-03-21T22:40:43.68614+00:00,2026-03-21T22:40:43.68614+00:00
38,google_maps,Browning Fire Protection Inc,ChIJVUER7JdK3YARdJXJwJ7Dr-w,"2335 Abalone Ave # 110, Torrance, CA 90501, USA",Torrance,CA,(310) 212-0622,http://www.bfpi.net/,fire protection,4.2,5,Victor,Lalezari,Owner,victor@bfpi.net,http://www.linkedin.com/in/victor-lalezari-57363117,BULLSEYE,"Owner-level executive (Director/CFO/CEO) at an established Torrance, CA fire protection contractor filed in 1995 with 11–50 employees—strong company and persona fit. Age isn’t directly stated, but the long-standing business suggests a mature operator and substantial estimating workflow.","Owner with Full Authority: Victor Lalezari is listed as CEO, CFO, Director and registered agent for Browning Fire Protection, indicating he has primary decision-making authority—useful for targeting product and contract decisions directly to the owner. Outreach to Victor can accelerate procurement or pilot discussions without additional gatekeepers.

High Project Activity: Browning has completed ~78 projects in the last 3 years, signaling significant bidding and project-management volume that likely creates operational friction and opportunity for automation. This volume makes them a compelling candidate for BasisBoard's bid-management efficiency gains.

Commercial Renovation Focus: The company primarily serves commercial renovation and new construction clients with fire sprinkler, alarm and suppression work—an ICP-aligned market where streamlined bid tracking and addenda handling are high-impact. Emphasize features that reduce missed deadlines and simplify bid responses for commercial jobs.

Established & Stable Since 1995: Browning Fire Protection has been an active corporation since 1995, suggesting operational stability and an existing customer base—useful when positioning ROI and long-term process improvements rather than quick, short-term fixes.

Licensed Fire Protection Contractor: The firm holds fire protection and plumbing licenses and other credentials, indicating regulatory-compliance processes and documentation requirements that can complicate bidding and project tracking—areas BasisBoard can simplify via centralized records and checklists.",2026-03-21T22:40:43.68614+00:00,2026-03-21T22:40:43.68614+00:00
39,google_maps,Instant Fire Protection,ChIJ45D7X2icwoAReepvmZpeX40,"7811 Alabama Ave Ste 6, Canoga Park, CA 91304, USA",Canoga Park,CA,(818) 346-3030,https://instantfire.com/,fire protection,2,4,,,,,,,,,2026-03-21T22:40:43.68614+00:00,2026-03-21T22:40:43.68614+00:00
40,google_maps,M-Fire Suppression,ChIJ7yXcTEY13YARQsxyz8HneD4,"19807 Hamilton Ave, Torrance, CA 90502, USA",Torrance,CA,(424) 258-3243,https://www.mfiresuppression.com/,fire protection,5,1,Fred,Roberts,CEO and Chairman of the Board,fred@mfiresuppression.com,http://www.linkedin.com/in/fred-roberts-0b899a30,HIGH,"CEO/Chair of a niche fire inhibitor application company for wood-framed construction in Los Angeles—decision authority is strong and construction-adjacent. However, it’s not classic sprinkler/alarm contracting, and age/retirement signals are not supported in the research.","CEO & Primary Decision-Maker: Fred Roberts is CEO and President of M‑Fire Suppression (in role since April 2017), giving him direct authority over strategic and purchasing decisions—making him a high-value contact for BasisBoard outreach about bid and project management. His long tenure indicates deep operational knowledge and influence over vendor selection.

Active on LinkedIn: Roberts engages with construction and industry content on LinkedIn, signaling openness to professional networking and new solutions—an entry point for personalized social outreach or thought-leadership touchpoints from BasisBoard.

Specialist in Wood-Frame Protection: M‑Fire focuses on on-site fire inhibitor application for wood-framed construction and has worked on 100+ multi‑family structures—this specialization creates specific bid, scheduling, and compliance workflows that BasisBoard can help streamline.

Small-to-Mid Sized CA Contractor: Headquartered in Torrance, California with ~11–50 employees, M‑Fire matches BasisBoard's target ICP of small-to-mid fire protection firms where operational efficiency and repeatable bid processes deliver clear ROI.

Product Innovation & Growth Signals: The company markets AF‑31 (used for wildfire defense and lithium‑ion battery protection) and emphasizes patent‑protected, eco-friendly chemistry—suggesting a willingness to adopt new technologies and potential growth in adjacent markets where BasisBoard can support scaled bid operations.",2026-03-21T22:40:43.68614+00:00,2026-03-21T22:40:43.68614+00:00
41,google_maps,First Choice Fire Protection,ChIJmUrsyrvKwoARpJlKrcep_oc,"550 Patrice Pl # E, Gardena, CA 90248, USA",Gardena,CA,(310) 329-6677,https://firstchoicefire.com/,fire protection,4.8,16,Louis,Halper,President,louis@firstchoicefire.com,http://www.linkedin.com/in/louis-halper-96392a28,BULLSEYE,"President in Gardena, CA with UCSB education dates 1975–1979 strongly indicates retirement age and long career—excellent objective fit. Company context is less detailed, but as a long-tenured principal in fire protection, he’s a high-priority owner target.","Company President / Decision-Maker: Listed as President of First Choice Fire Protection, indicating high-level decision-making authority and likely influence over strategic moves like succession or sale — a primary outreach target. This is a direct ownership/leadership signal for acquisition or succession conversations.

Likely Nearing Retirement Age: Education dated 1975–1979 (UCSB) and career signals dating to the 1970s suggest Louis is likely in his late 60s–70s, making him a strong candidate for succession planning or exit discussions. Age/timeline is a useful qualifier when prioritizing outreach for M&A or ownership transition services.

Local California Operator: Based in Gardena, California and operating a local fire protection services business, aligning with a California-focused acquisition or succession strategy where regional relationships and licenses matter. Local presence increases relevance for buyers targeting CA service footprints.

Small-to-Mid-Sized Contractor — Operational Pain Points: Company size (reported 2–13 employees across sources) and service focus (fire sprinklers, alarms, life safety) imply manual bid management and operational reliance on legacy processes, which creates openings for solutions that streamline bids, compliance, and handoffs during owner transition.",2026-03-21T22:40:43.68614+00:00,2026-03-21T22:40:43.68614+00:00
42,google_maps,Xclusive Fire Protection,ChIJl4uxubiZwoARLhnNDSODErU,"6114 Tampa Ave, Tarzana, CA 91335, USA",Tarzana,CA,(877) 335-8880,http://xclusivefireprotection.com/,fire protection,5,5,,,,,,,,,2026-03-21T22:40:43.68614+00:00,2026-03-21T22:40:43.68614+00:00
43,google_maps,Lifetime Fire Protection,ChIJEapqXby1woARKZ59X_hJkAM,"1310 Kingsdale Ave, Redondo Beach, CA 90278, USA",Redondo Beach,CA,(310) 697-5149,https://lifetimefire.com/,fire protection,4.2,5,,,,,,,,,2026-03-21T22:40:43.68614+00:00,2026-03-21T22:40:43.68614+00:00
44,google_maps,Consolidated Fire Protection,ChIJD2firWXd3IARnvPWvoq4G4o,"153 Technology Dr Suite 200, Irvine, CA 92618, USA",Irvine,CA,(866) 556-4501,http://www.cfpfire.com/,fire protection,4.1,13,Matt,Krofcheck,President,mkrofcheck@cfpfire.com,http://www.linkedin.com/in/matt-krofcheck-8b185a9,BULLSEYE,"President at an Irvine, CA fire sprinkler contractor—good role and trade alignment. Age/retirement signal is unverified and company size details are missing, so prioritization is lower than leaders with clear 25+ year signals.","President & Decision-Maker: Matt Krofcheck is listed as President at CFP Fire Protection, giving him owner‑level decision authority over operations and vendor selection — a strong direct target for BasisBoard outreach.

Mid‑market National Contractor: CFP Fire Protection is a mid‑market firm (listed 51–200 employees) with national operations and integration into the Minimax Viking Group, implying the scale and budget to invest in enterprise tools like BasisBoard.

Complex Multi‑site Needs: CFP provides nationwide fire & life safety services, which suggests complexity managing bids, projects, and compliance across locations — a direct pain point BasisBoard can address for centralized project/bid management.

Active LinkedIn Engagement: Matt has 500+ LinkedIn connections and engages with posts about finance, construction, and industry topics, providing both social proof and actionable channels (InMail/posts) for personalized outreach.",2026-03-21T22:40:43.68614+00:00,2026-03-21T22:40:43.68614+00:00
45,google_maps,Power Air and Fire Inc,ChIJj4tfEfFY34QRreuh06DNtb4,"6545 Wilbur Ave, Reseda, CA 91335, USA",Reseda,CA,(818) 456-6281,https://powerairandfire.com/?utm_source=google_profile&utm_campaign=localo&utm_medium=mainlink,fire protection,5,23,,,,,,,,,2026-03-21T22:40:43.68614+00:00,2026-03-21T22:40:43.68614+00:00
46,google_maps,Western States Fire Protection,ChIJjxF0HrQz3YAR6cUGBRkAkyM,"3720 Industry Ave #107, Lakewood, CA 90712, USA",Lakewood,CA,(562) 279-0770,https://www.wsfp.com/locations/lakewood-ca/?utm_source=GMBlisting&utm_medium=organic,fire protection,4.5,2,,,,,,,,,2026-03-21T22:40:43.68614+00:00,2026-03-21T22:40:43.68614+00:00
47,google_maps,A1 Fire Sprinkler,ChIJxdxwOhqbwoARFhshT_0323U,"18915 Leadwell St, Reseda, CA 91335, USA",Reseda,CA,(310) 619-1552,https://a1fireservices.com/,fire protection,5,82,Sterling,Brower,Owner,,http://www.linkedin.com/in/sterlingbrowera1,HIGH,"Owner/CEO of a CA-licensed C-16 fire sprinkler contractor in Los Angeles—good trade and decision-maker fit. Veteran/federal procurement interest suggests structured bidding activity that may be email-heavy. Age/retirement signal is not well-supported (OEF veteran may skew younger), so not ideal for the 50+ objective.","Owner & Decision-Maker: Sterling Brower is the CEO/Owner of A1 Fire Sprinkler Services and is the clear decision-maker for purchases and operational tools, making him a primary contact for BasisBoard's bid-management offering.

Veteran-Owned & Procurement-Minded: Brower is an Operation Enduring Freedom veteran and has publicly sought connections around SAM.gov, DSBS, federal procurement, and SDVOSB—signaling interest or involvement in government contracting where improved bid workflows are valuable.

Active LinkedIn Storytelling: He regularly posts about company growth, client satisfaction, and personal leadership reflections—providing timely, public touchpoints that sales outreach can reference to build relevance and rapport.

Licensed C-16 Commercial Contractor: A1 Fire Sprinkler holds a California C-16 fire protection contractor focus and a valid Contractors State License Board credential, indicating the company pursues commercial/industrial projects that generate formal bids—matching BasisBoard's target use cases.

Likely Bid & Workflow Pain: The company's mix of 24/7 emergency response, inspections, installs, and claimed 'combined experience of 25 years' suggests a high volume of bids and complex workflows currently handled via email/spreadsheets—an opportunity for BasisBoard to reduce missed opportunities and streamline tracking.",2026-03-21T22:40:43.68614+00:00,2026-03-21T22:40:43.68614+00:00
48,google_maps,Champion Fire Sprinkler Systems,ChIJg8GhUyIx3YARhFq0ybco0vA,"615 E Broadway, Long Beach, CA 90802, USA",Long Beach,CA,(562) 478-7698,https://fireprotectionlongbeach.com/,"Champion Fire Systems, Inc.",5,30,,,,,,,,,2026-03-21T22:40:43.68614+00:00,2026-03-21T22:59:02.194228+00:00
49,google_maps,Rightaway Fire Protection,ChIJOwk-APzTwoAROj1s6x-OM3Q,"7012 Vicki Dr, Whittier, CA 90606, USA",Whittier,CA,(562) 451-4941,https://fireprotectionwhittier.com/,fire protection,5,34,,,,,,,,,2026-03-21T22:40:43.68614+00:00,2026-03-21T22:40:43.68614+00:00
50,google_maps,Atlas Fire Sprinkler Systems Long Beach,ChIJrwlRK3Mv3YARv2I-domnr0c,"3124 Iroquois Ave, Long Beach, CA 90808, USA",Long Beach,CA,(562) 609-4274,https://firesprinklersystemslongbeach.com/,fire protection,4.7,30,,,,,,,,,2026-03-21T22:40:43.68614+00:00,2026-03-21T22:40:43.68614+00:00
51,google_maps,Legion Fire Protection,ChIJO39pgzgAmEkRUDBWaiMj0ok,"2101 W Crescent Ave suite M, Anaheim, CA 92801, USA",Anaheim,CA,(714) 707-4868,https://legionfireprotection.com/?utm_source=google&utm_medium=organic&utm_campaign=gbp_website,fire protection,5,28,,,,,,,,,2026-03-21T22:40:43.68614+00:00,2026-03-21T22:40:43.68614+00:00
52,google_maps,Aces Fire Protection,ChIJrckqTwC_woAR-DGq8s-5FBs,"435 S Victory Blvd, Burbank, CA 91506, USA",Burbank,CA,(818) 321-7746,http://www.acesfireprotection.com/,fire protection,5,5,,,,,,,,,2026-03-21T22:40:43.68614+00:00,2026-03-21T22:40:43.68614+00:00
53,google_maps,South Bay Fire Extinguisher Co,ChIJvTF9QIG0woARPTGzqu0USG0,"1068 Aviation Blvd, Hermosa Beach, CA 90254, USA",Hermosa Beach,CA,(310) 376-6901,http://www.sbfireco.com/,fire protection,1,1,,,,,,,,,2026-03-21T22:40:43.68614+00:00,2026-03-21T22:40:43.68614+00:00
54,google_maps,Marine Fire Protection,ChIJbereaKTf3IARQlPaSLh1zAg,"1147 Newport Ave, Long Beach, CA 90804, USA",Long Beach,CA,(949) 645-6216,http://www.marinefire.net/,fire protection,5,3,,,,,,,,,2026-03-21T22:40:43.68614+00:00,2026-03-21T22:40:43.68614+00:00
55,google_maps,Fire Protection & Safety Service,ChIJh_ggi3423YARC6QSKvgnrpU,"327 N Lecouvreur Ave, Wilmington, CA 90744, USA",Wilmington,CA,(310) 742-5088,,fire protection,,0,,,,,,,,,2026-03-21T22:40:43.68614+00:00,2026-03-21T22:40:43.68614+00:00
56,google_maps,Frank's Fire Extinguisher Services,ChIJbQ9bVxO1woARUuCJtPHvBVY,"2707 W 179th St, Torrance, CA 90504, USA",Torrance,CA,(310) 768-4138,https://www.franksfireextinguisherservice.com/,fire protection,5,9,,,,,,,,,2026-03-21T22:40:43.68614+00:00,2026-03-21T22:40:43.68614+00:00
57,google_maps,Radix Fire Protection,ChIJG81WCoHIwoARWZ4dAF7uZ28,"1769 E 23rd St, Los Angeles, CA 90058, USA",Los Angeles,CA,(888) 611-3473,http://www.radixfire.com/,fire protection,4.5,8,Steve,Lee,President,stevelee@radixfire.com,http://www.linkedin.com/in/steve-lee-1248033a,BULLSEYE,"Owner/President of a CA fire protection contractor with long tenure (since 2001) and education dates (1988–1995) clearly indicating 50+. Excellent principal, strong succession likelihood, and clear alignment with subcontractor workflow/bid management needs.","Owner & Decision-Maker: Steve Lee is the President and Owner of Radix Fire Protection, indicating final authority on vendor selection and budgets — a primary target for direct outreach and executive-level conversations.

Active on Procore (Oct 2023): Radix joined Procore in October 2023 and lists ~80 Procore projects with a large average project size (~$11.37M), signaling ongoing construction contracts and procurement cycles where fire-protection vendors are needed.

Full In-House Capabilities: Radix performs design, installation, testing, inspection, and maintenance all in-house, suggesting interest in end-to-end solutions, integrated tools, or supply partnerships that reduce cross-vendor coordination.

Founder of Benchtool (2023): Steve launched Benchtool in 2023, showing entrepreneurial drive and openness to new tools or product experimentation — a potential entry point for tech or service partnerships.

Long Tenure & Technical Background: Steve has led Radix since 2001 (25+ years) and holds a BSCE and MSCE, with skills in life-safety, fire alarm, and sprinkler systems — signaling deep domain expertise and tendency to value technically robust solutions.",2026-03-21T22:40:43.68614+00:00,2026-03-21T22:40:43.68614+00:00
58,google_maps,Ace Fire LA,ChIJ9QFZQKiRwoARQx0VX2xlEUU,"15758 Vintage St, North Hills, CA 91343, USA",North Hills,CA,(818) 739-9849,https://acefirela.com/,fire protection,5,5,,,,,,,,,2026-03-21T22:40:43.68614+00:00,2026-03-21T22:40:43.68614+00:00
59,google_maps,Veteran Fire Protection | Fire Sprinkler Repair,ChIJc4YoyNrX3IARHwt8qEQ4Kt0,"1403 N Batavia St Suite 112, Orange, CA 92867, USA",Orange,CA,(800) 557-8189,https://veteranfireprotection.com/,fire protection,5,178,,,,,,,,,2026-03-21T22:40:43.68614+00:00,2026-03-21T22:40:43.68614+00:00
60,google_maps,"Black Bird Fire Protection, Inc.",ChIJeQ0lcXgo3YARS_ZxlpzjKsc,"471 Atlas St, Brea, CA 92821, USA",Brea,CA,(714) 462-6095,http://www.blackbirdfire.com/,fire protection,4.9,410,,,,,,,,,2026-03-21T22:40:43.68614+00:00,2026-03-21T22:40:43.68614+00:00
61,google_maps,All American Fire Protection Co,ChIJl2BnCz3TwoARVC6EgT57G0Y,"13112 Telegraph Rd ste d, Santa Fe Springs, CA 90670, USA",Santa Fe Springs,CA,(833) 818-3473,https://allamericanfirepro.us/,fire protection,4.5,2,,,,,,,,,2026-03-21T22:40:43.68614+00:00,2026-03-21T22:40:43.68614+00:00
84,google_maps,Aquamatic Fire Protection,ChIJg0UVqONbhYARMgEYlyVt2dg,"540 Garcia Ave # A, Pittsburg, CA 94565, USA",Pittsburg,CA,(925) 753-0420,http://www.aquamaticfire.com/,Aquamatic Fire Protection,4.2,5,Wes,Bookout,President,wesb@aquamaticfire.com,http://www.linkedin.com/in/wes-bookout-70876a12,BULLSEYE,President since 1992 with industry experience back to 1969—very strong 50+ / near-retirement signal and long-tenure operator at a Bay Area fire sprinkler contractor. This is an ideal owner-level target likely to benefit from bid/workflow modernization and reducing manual tracking overhead.,"Company Decision-Maker: Wes Bookout is President of Aquamatic Fire Protection since March 1992, indicating primary decision-making authority for vendor, service, or M&A conversations — a direct target for senior‑level outreach.

Long Tenure — Succession Opportunity: Wes has been in the fire protection industry since 1969 and led Aquamatic as President for decades; this near‑retirement profile and long tenure suggest potential succession, exit, or acquisition timing that sales/BD teams can explore.

NFPA & Life‑Safety Expertise: His listed skills (NFPA, Fire Suppression Systems, Fire Alarm, Life Safety) and the company’s NFPA/AFSA/CAFSA affiliations show technical compliance focus — useful when positioning compliance-driven services or products that reduce inspection/maintenance burden.

Mid‑Sized, Purchase‑Capable Business: Aquamatic operates ~25 employees with reported revenue ~$12.5M (2026) and holds an A+ BBB accreditation, indicating financial stability and procurement capacity for upgrades, software, or vendor partnerships.

Brand & Image Interest: Wes recently liked a LinkedIn post about the power of a company logo, signaling openness to conversations about branding, marketing, or company image — a useful personal touchpoint for outreach.",2026-03-21T22:59:02.194228+00:00,2026-03-21T22:59:02.194228+00:00
85,google_maps,Delta Fire Protection & Equipment,ChIJVVVFfumWwoARZKx-P4SEBdY,"7356 Fulton Ave, North Hollywood, CA 91605, USA",North Hollywood,CA,(888) 898-3473,https://www.deltafireprotection.com/,Delta Fire Protection & Equipment,3,2,Brett,Greene,President,bgreene@deltafireprotection.com,http://www.linkedin.com/in/brett-greene-183aa3b,BULLSEYE,President & Founder since 1996 with 40+ years of industry experience—excellent 50+ / succession-fit signal and clear decision authority. Strong California fire suppression scope and hands-on oversight of operations aligns well with BasisBoard’s workflow and bid management value.,"Founder & President: Brett Greene is the President and Founder of Delta Fire Protection & Equipment and oversees all day-to-day operations, including contracted business. This establishes him as a primary decision-maker for purchasing tools that affect operations and workflows.

40+ Years Experience: Greene has over four decades of experience across fire suppression, pumps, standpipes, extinguishers, and special hazard systems, plus state and local certifications. His deep domain expertise means sales conversations can focus on operational ROI and compliance rather than basic industry education.

Operational Oversight (ITM): He is directly responsible for inspection, testing, and maintenance (ITM) of fire suppression systems, a core operational area that generates recurring administrative work. BasisBoard's bid/workflow and compliance tracking capabilities map directly to these pain points.

Established SMB (Good ICP Fit): Delta Fire Protection is an established (founded 1996) North Hollywood firm with 11–50 employees, matching BasisBoard's target small-to-mid sized contractors who benefit from workflow centralization. Their size suggests both constrained admin resources and capacity to adopt a platform that improves efficiency.

Part of Osprey Network: Delta is affiliated with Osprey Fire and Life Safety (including Millennium Fire and IPS), indicating a broader network that could enable multi-entity rollouts or cross-company standardization if one unit adopts BasisBoard. This expands potential deal size beyond a single location.",2026-03-21T22:59:02.194228+00:00,2026-03-21T22:59:02.194228+00:00
86,google_maps,Fire-Matic Systems Inc,ChIJR0UJvhPHj4ARgEBabQCaN-M,"5165 Brandin Ct, Fremont, CA 94538, USA",Fremont,CA,(510) 657-3473,http://www.fire-matic.com/,"Fire-Matic Systems, Inc.",3,2,Terrance,Wolf,President,,http://www.linkedin.com/in/terrance-wolf-1517708,BULLSEYE,"President and Founder of a CA fire sprinkler contractor founded in 1970 with 40+ years in the industry—extremely strong fit for the ‘owner near retirement’ objective. He’s still involved in estimating/billing/ops, making BasisBoard’s bid/inbox workflow automation highly relevant.","Founder & Decision Maker: Terrance H. Wolf Sr. is the President and Founder of Fire-Matic Systems, indicating he holds top-level decision authority — a primary target for solution sales. Outreach should be directed to him for contract-level or strategic conversations. 

40+ Years Industry Tenure: Terrance has been in the fire sprinkler industry since the late 1960s and founded Fire-Matic in 1970, signaling deep domain expertise and long-term ownership — factors that increase receptivity to efficiency and exit-planning conversations. 

Active Daily Operator: Terrance still handles day-to-day operations such as estimating, billing, and job supervision, which means he directly feels the pain of manual bid/estimating processes and can champion workflow improvements. 

Family-Run Succession Potential: Key project-executive roles are filled by family members (Terrance Jr., Edward, Michael), suggesting an internal succession path and openness to tools that ease transition and institutionalize processes. This creates a timely opportunity to position solutions that simplify handoffs. 

Small SMB — Bid Pain Point: Fire-Matic is a small firm (11–50 employees, <$5M revenue) operating in a competitive Bay Area market, making streamlined bid management and pipeline visibility high-impact improvements for margins and win rates.",2026-03-21T22:59:02.194228+00:00,2026-03-21T22:59:02.194228+00:00
87,google_maps,Transbay Fire Protection,ChIJycvPqhXpj4ARYqSMA1rKG8U,"2178 Rheem Dr, Pleasanton, CA 94588, USA",Pleasanton,CA,(925) 846-9484,http://www.transbayfire.com/,"Transbay Fire Protection, Inc.",,0,Hossein,Tabatabai,President,hossein@transbayfire.com,http://www.linkedin.com/in/hossein-tabatabai-7992448,BULLSEYE,"President with 34 years industry experience and CSU Fresno graduation 1980–1984—very strong 50+ indicator. Fire sprinkler contractor in CA with long internal progression (district manager → VP Ops → President), making this a top-tier succession-fit lead.","Company President — Decision Maker: Hossein Tabatabai is the President of Transbay Fire Protection, indicating direct decision-making authority for purchases and vendor selection — a primary outreach target for BasisBoard. Engaging him can reach the person who sets operational and bidding priorities.

34 Years of Industry Experience: Tabatabai brings roughly 34 years in fire protection and has been President since 2013, signaling deep domain knowledge and likely interest in long-term operational improvements or succession planning. This tenure makes him a receptive audience for solutions that preserve institutional knowledge and streamline processes.

Employee-Owned (ESOP) Structure: Transbay converted to an ESOP in 2007 and is employee-owned, which often prioritizes long-term stability and structured succession — useful framing when positioning BasisBoard as a tool for sustainable operational improvements. ESOP companies may value solutions that protect enterprise value and support workforce efficiency.

Handles Large, Complex Projects: Transbay works on major projects (SFO, Apple Campus 2, New Stanford Hospital, Salesforce Transit Center) and uses BIM and Lean principles, indicating sophisticated project workflows and a need for robust bid and project coordination tools. BasisBoard's bid-management efficiencies align with their scale and complexity needs.

Active Industry & Labor Involvement: Tabatabai serves on the Local 483 JATC Committee and is a member of the Northern California National Fire Sprinkler Association chapter, suggesting he is plugged into local labor dynamics and industry trends — useful for conversations about efficiency amid labor constraints.",2026-03-21T22:59:02.194228+00:00,2026-03-21T22:59:02.194228+00:00
88,google_maps,Shelton Fire Protection Co,ChIJx1nHyCbO3IAR2gkY2CMaQ4E,"22745 La Palma Ave, Yorba Linda, CA 92887, USA",Yorba Linda,CA,(714) 692-3573,https://www.sheltonfire.com/,"SHELTON FIRE PROTECTION CO., INC",5,3,Scott,Shelton,President / CEO,scottsr@sheltonfire.com,http://www.linkedin.com/in/scott-shelton-sr-aba786a4,BULLSEYE,"President/CEO since 1993—very strong long-tenure and likely 50+ signal, matching the near-retirement owner objective. Clear fire sprinkler contractor alignment in California, with additional family/next-gen context (Sr/Jr) suggesting succession considerations and readiness for modern workflow tools.","Owner / CEO Decision-Maker: Scott Shelton Sr. is listed as President/CEO of Shelton Fire Protection Co., Inc., giving him clear decision-making authority for purchases and partnerships — a direct match for outreach to owners/founders. This role is shown on his LinkedIn profile. 

Long Tenure — Succession Opportunity: Scott has served as President/CEO since October 1993 (32+ years), suggesting he may be nearing retirement or considering succession — a common trigger for acquisition, exit-planning, or advisory conversations. 

Small, Targetable SMB: Shelton Fire Protection is a small contractor (1–10 employees, under $1M revenue) that designs/installs automatic fire sprinkler systems and offers 24-hour emergency service — a good fit for solutions aimed at small-to-mid-sized contractors. 

High Quality & Active Projects: The company has a BuildZoom score of 99 and completed at least nine projects in the last three years, indicating strong reputation and ongoing project activity — useful when positioning project-based services or financing. 

Family/Small-Team Structure: Public records list several named employees (e.g., Cheryl Shelton, Marsha Vieira, Danielle Estes) and a Scott Shelton Jr. in leadership roles, while other sources list Kyle Estes as President — signaling a family-run or tightly networked leadership where introductions to specific individuals matter.",2026-03-21T22:59:02.194228+00:00,2026-03-21T22:59:02.194228+00:00
89,google_maps,RJ Fire Sprinkler Systems,ChIJ__8PdiP4wYARYCBMJcfvSZc,"21265 Woodford-Tehachapi Rd, Tehachapi, CA 93561, USA",Tehachapi,CA,(805) 531-5497,https://www.sprayanddefend.com/contact-fire-experts,RJ FIRE SPRINKLER SYSTEMS INC,,0,Randall,Cazier,President,,http://www.linkedin.com/in/randall-cazier-704467b9,BULLSEYE,President/CEO/Co-Owner of a long-running CA sprinkler contractor founded in 1989 with 1-10 employees—excellent principal + longevity and strong 50+ likelihood. Multi-county service footprint suggests consistent bid activity and strong succession/acquisition relevance.,"Owner/President Decision-Maker: Randall Cazier is listed as CEO/President and co-owner across multiple business directories, indicating direct authority over purchasing and operational decisions—ideal for owner-targeted outreach for BasisBoard. Engaging him can shorten sales cycles because he likely signs off on tools that impact estimating and operations.

Longstanding Local Fire Contractor: RJ Fire Sprinkler Systems has been in business since 1989 and serves multiple California counties from Tehachapi, signaling stable, ongoing bid volume across residential, commercial, and industrial projects; this steady project pipeline makes them a fit for a bid-management solution.

High Bid Volume & Manual Processes: The company works on diverse projects (multi-story offices to homes) and is a small team, which likely leads to managing many bids via email and spreadsheets—pain points BasisBoard directly addresses with centralized bid invites, automation, and pipeline visibility.

Succession / Exit Opportunity: With the business founded in 1989 and Randall likely over 50 based on tenure, succession planning or exit conversations may be on the horizon—making discussions about efficiency gains, documentation, and repeatable workflows especially timely and relevant for BasisBoard.

Direct Contactability: Multiple phone numbers and a public email (rjfire2013@gmail.com) were found, providing straightforward channels for outreach and follow-up—useful for personalized demos or rapid qualification calls.",2026-03-21T22:59:02.194228+00:00,2026-03-21T22:59:02.194228+00:00
91,google_maps,CITY OF ANGELS FIRE PROTECTION,ChIJMyMUDMrPwoAR06PbdLJTZNY,"4284 Union Pacific Ave, Los Angeles, CA 90023, USA",Los Angeles,CA,(213) 725-3125,https://www.cityofangelsfire.com/,Angel City Fire Protection,4.9,413,,,,,,,,,2026-03-21T22:59:02.194228+00:00,2026-03-21T22:59:02.194228+00:00
92,google_maps,Todd Morris Fire Protection,ChIJJ10oDwGXhYAR35gs-c_-rh0,"21 Golden Gate Dr unit e, San Rafael, CA 94901, USA",San Rafael,CA,(415) 454-7919,http://www.toddmorrisfireprotection.com/,Todd Morris Fire Protection,5,7,Todd,Morris,President,,http://www.linkedin.com/in/todd-morris-3348225b,BULLSEYE,"Owner/President of a named firm with 30+ years fire suppression experience (career back to 1988) and long senior tenure—excellent 50+ and succession-fit signal. California-based and clearly a fire sprinkler contractor, making him a top target persona.","Owner / Decision-Maker: Todd Morris is the President of Todd Morris Fire Protection (in role since 2012), indicating owner-level decision authority for purchasing and process changes — a direct target for outreach about operations or bidding tools.

30-Year Industry Expert: With ~30 years in fire suppression and a career path from apprentice to president, Todd has deep technical and field experience and credibility — useful when positioning solutions that improve jobsite efficiency or simplify complex installs.

Recent Award / Active on LinkedIn: Todd recently shared that the company received an award on LinkedIn, showing current marketing/activity and a window for timely outreach or congratulatory engagement that can open a conversation.

Mid-Sized Contractor with Procore Usage: Todd Morris Fire Protection is a mid-sized firm (11–50 employees, ~$5.5M est. revenue) with 241 Procore projects and a large average project size, indicating structured project workflows and potential need for tools that streamline bids, coordination, and documentation.",2026-03-21T22:59:02.194228+00:00,2026-03-21T22:59:02.194228+00:00
93,google_maps,"Freedom Fire Protection, Inc.",ChIJt2RH3lREkIAR_xnyWT7FR_Q,"800 S Stockton Ave #1, Ripon, CA 95366, USA",Ripon,CA,(209) 599-5400,http://www.freedom-fire.net/,Freedom Fire Protection Inc.,3.7,3,Fausto,Velasco,Owner,fvelasco@freedom-fire.net,http://www.linkedin.com/in/fausto-velasco-31732220,BULLSEYE,Co-Founder/President with nearly 40 years in fire sprinklers and owner since 2005—excellent 50+ and long-experience signal in California. Strong decision-maker fit and likely manages ongoing estimating/client relations where bid invite tracking and addenda management are pain points.,"Owner & Decision-Maker: Co‑Founder, President and Owner of Freedom Fire Protection, holding a C16 Fire Protection Contractor's License since 2005, indicating direct authority over vendor and procurement decisions—making him the primary target for commercial proposals. This matters for outreach because approvals and contract decisions are likely made or strongly influenced by him.

Deep Industry Experience: Nearly 40 years in the fire sprinkler industry with hands‑on roles in estimating, project management and commercial sales, signaling subject‑matter expertise and credibility. This experience means he understands the operational pain points vendors solve (e.g., estimating accuracy, project workflows) and can evaluate ROI quickly.

Family‑Owned Regional Contractor: FFPI is a family‑run, small‑to‑mid sized (~11–50 employees) fire protection contractor serving Northern California with a heavy reliance on repeat business and referrals, suggesting decisions are relationship‑driven and locally focused. Sales should emphasize trust, local references, and low‑friction implementation.

Succession & Efficiency Opportunity: Given the company's longevity (since 2005) and principals' long tenures/age indicators, FFPI may be considering succession planning or ways to modernize operations; offerings around bid management, workflow automation, or succession advisory could be timely. Positioning value around reducing manual estimating work and preserving institutional knowledge may resonate.

LinkedIn Activity for Personalization: Velasco posts company and industry updates on LinkedIn and there are multiple LinkedIn presences/posts associated with him, which provides opportunities to personalize outreach (recent topics, network connections, or shared interests). Using his recent posts for messaging hooks can increase engagement.",2026-03-21T22:59:02.194228+00:00,2026-03-21T22:59:02.194228+00:00
94,google_maps,Advanced Alarm & Fire Inc.,ChIJHcv94w_TwoARBQDCChi7i-s,"9970 Bell Ranch Dr # 109, Santa Fe Springs, CA 90670, USA",Santa Fe Springs,CA,(562) 944-2356,https://advancedalarmandfireinc.com/,"Advanced Alarm and Fire, Inc.",4,4,Edward,Corpus,Co-owner / CEO,,http://www.linkedin.com/in/edward-corpus-819a847,BULLSEYE,Co-Owner/CFO/CEO-track leader at Advanced Alarm & Fire since 1995 with career starting in 1984—very strong 50+ signal and ownership authority. Great fit in fire alarm/life safety contracting and likely handles recurring commercial project flow.,"Owner & CFO Decision-Maker: Edward Corpus is co-owner and CFO of Advanced Alarm & Fire, giving him direct authority over operational and financial purchasing decisions — an ideal target for solutions that improve estimating and operations. Use owner/CFO positioning in outreach. 

Deep Alarm-Industry Expertise: Corpus has ~37 years in the alarm industry (started as an installer in 1984), indicating strong domain knowledge and an appreciation for practical, field-proven workflow improvements — helpful when pitching technical ROI and reduced rework. 

Small–Mid Business Ops Pain: Advanced Alarm & Fire is a small-to-mid commercial fire/low-voltage contractor serving hospitals, schools, and offices, with estimated revenue < $5M; that profile often struggles with high bid volume, deadline tracking, and limited estimating capacity — a direct fit for bid-management software. 

Community-Focused, Values-Driven Owner: Corpus emphasizes honesty, integrity, and local community involvement (LinkedIn activity tied to local and school initiatives), suggesting outreach should be personalized, trust-focused, and reference community impact or reliability improvements.",2026-03-21T22:59:02.194228+00:00,2026-03-21T22:59:02.194228+00:00
94,google_maps,Advanced Alarm & Fire Inc.,ChIJHcv94w_TwoARBQDCChi7i-s,"9970 Bell Ranch Dr # 109, Santa Fe Springs, CA 90670, USA",Santa Fe Springs,CA,(562) 944-2356,https://advancedalarmandfireinc.com/,"Advanced Alarm and Fire, Inc.",4,4,Ron,George,President,rong@weprotectall.com,http://www.linkedin.com/in/ron-george-04534b133,BULLSEYE,Co-Owner/President of an established SoCal fire alarm company (founded 1991) with 39 years experience—very strong 50+ and long-tenure signals. Great decision-maker fit and relevant trade (commercial fire/security alarm).,"Company Decision-Maker: Co-Owner and President of Advanced Alarm & Fire, Inc., giving him direct authority over strategic and purchasing decisions — a primary contact for proposing BasisBoard to streamline operations. Outreach should target him as the decision-maker for process and platform changes.

Deep Technical Experience: 39 years as an electrician and fire & security alarm professional and a founder-level role since the company's start, indicating strong operational and technical knowledge — useful when framing BasisBoard benefits in terms of real-world workflow improvements.

Commercial Bid Volume Signal: Company focuses on commercial fire, intrusion, ERRCS/BDA and surveillance projects for buildings, hospitals, schools and retail — a profile that likely generates frequent bids and RFPs, making bid management tooling a clear fit for outreach messaging.

Active on LinkedIn: Posts and engagement around video monitoring, public safety DAS, and business marketing indicate he follows industry trends and is receptive to discussions about technology and business development — a good channel for initial outreach and thought-leadership content.

Succession & Efficiency Opportunity: Long tenure and company age (founded early 1990s) suggest potential interest in succession planning and increasing company value; positioning BasisBoard as a way to document processes and increase saleability/operational resilience may resonate.",2026-03-21T22:59:02.194228+00:00,2026-03-21T22:59:02.194228+00:00
95,google_maps,Harris Fire Protection,ChIJq47zIm_X3IARE82cizp2F4U,"1020 N Batavia St L, Orange, CA 92867, USA",Orange,CA,(714) 744-0110,,Harris Fire Protection,5,2,Patrick,Harris,Owner/ President,,http://www.linkedin.com/in/patrick-harris-89342a22,BULLSEYE,"Owner/President since 1996 (30 years) at a California fire protection contractor—excellent match for the owner + long-tenure + likely 50+ objective. Long-standing operator likely managing many bid invites and deadlines across projects, a strong fit for BasisBoard’s inbox-to-dashboard workflow value.","Owner / Final Decision-Maker: Patrick Harris is the Owner/President of Harris Fire Protection with 30+ years in the role, indicating he has budget and operational authority—making him a primary target for purchase decisions around bid-management tools.

SMB Fire-Protection Fit: Harris Fire Protection is a 11–50 person fire protection contractor headquartered in Orange County, CA, matching BasisBoard’s ideal industry and company-size profile where streamlined bid workflows typically deliver quick ROI.

Recent Acquisition Window: Guardian Fire Protection Services (backed by Knox Lane) acquired Harris Fire Protection in June 2024, a change that often triggers process reviews and vendor consolidation—an opportunity to introduce BasisBoard during integration.

Bottom-Line / Finance Focus: Patrick has engaged with LinkedIn content on accounting/financial statement review and posted about ‘making more than you spend,’ signaling a strong focus on margins where bid-management efficiency can improve profitability.

Collaborative, Project-Oriented Background: He describes himself as a 'Construction Athlete' and lists large projects (e.g., a full remodel of a 525-room Hyatt), suggesting a collaborative, project-heavy workflow that aligns with BasisBoard’s collaborative dashboards and bid coordination value props.",2026-03-21T22:59:02.194228+00:00,2026-03-21T22:59:02.194228+00:00
96,google_maps,"Immoos Fire Protection, Inc.",ChIJUSHrma64moARJxBYWvwqFwI,"10127 Iron Rock Way #2700, Elk Grove, CA 95624, USA",Elk Grove,CA,(916) 714-7307,http://www.immoosfire.com/,Immoos Fire Protection,4.2,5,Todd,Immoos,President,todd@immoosfire.com,http://www.linkedin.com/in/todd-immoos-78762a29,BULLSEYE,"President/founder-type tenure (since company start in 2000) with 37+ years experience; Elk Grove, CA sprinkler contractor—excellent 50+ signal and long-tenure stability. Strong fit for both BasisBoard ICP (bid workflow) and succession-focused outreach.","Owner & Decision‑Maker: Todd Immoos is the President (founder) of Immoos Fire Protection Inc., indicating direct purchasing and operational authority — a primary target for seller outreach. Engaging him can reach final decision‑makers without multiple gatekeepers.

Long‑Tenured Industry Veteran: Company founded in 2000 and Todd is reported to have 37+ years of experience, signalling deep technical knowledge and established client relationships — useful when positioning value versus cost or change management. His tenure also suggests potential retirement/succession timing that could prompt procurement decisions.

Small, Active Local Contractor: Immoos Fire Protection is a small Elk Grove–based firm (1–10 employees; est. revenue ~$653K in some sources) that has completed at least 13 projects in the last 3 years — a steady local workload where cost, scheduling, and subcontractor coordination tools can move the needle.

Licensed & Inspection‑Focused: The company holds a Contractor's State License Board number (783687) and provides sprinkler design, installation, modifications and inspections — indicating regulatory/compliance needs where inspection software, training, or parts/logistics services are relevant sales hooks.",2026-03-21T22:59:02.194228+00:00,2026-03-21T22:59:02.194228+00:00
97,google_maps,Adanac Fire Protection Inc,ChIJDa_IWBS2j4AR3HdiDZZ46uw,"396 Railroad Ct, Milpitas, CA 95035, USA",Milpitas,CA,(408) 262-0400,http://www.adanacfire.com/,"Adanac Fire Protection, Inc.",5,2,Don,Wardstrom,"President, President",don@adanacfire.com,http://www.linkedin.com/in/don-wardstrom-b5638213,BULLSEYE,"Owner/President of Adanac Fire Protection (Milpitas, CA) offering sprinklers, alarms, pumps, extinguishers, suppression—excellent service breadth and company-size fit (11-50). Founded 1988 signals long tenure/likely 50+ and strong succession/acquisition relevance.","Owner & Decision-Maker: Don Wardstrom is the Owner and President and listed as the principal contact, indicating direct purchasing and operational authority—make him the primary outreach target for proposals and demos.

Established 37-Year Business: Adanac Fire Protection was founded in 1988 and has operated for 37 years, suggesting stability and potential succession/exit planning—messages about operational efficiency and increasing company value will resonate.

Full-Service Fire Protection Provider: They offer a broad set of services—sprinklers, alarms, extinguishers, pumps, hydrants, hood suppression, inspections, monitoring and 24-hour emergency service—meaning multiple operational workflows where software can reduce friction and noncompliance risk.

High Bid Volume & Manual Processes: As a multi-service contractor serving commercial and residential clients, Adanac likely manages many bids and field inspections; this creates an opportunity to sell solutions that automate bid management, reporting, and administrative work.

Existing Compliance & Reporting Tech: Adanac already uses compliance and reporting software to deliver detailed inspection reports and is listed as using several technologies, indicating openness to digital tools and potential for integrations or upgrades.",2026-03-21T22:59:02.194228+00:00,2026-03-21T22:59:02.194228+00:00
98,google_maps,Bfp Fire Protection Inc,ChIJr5V7EkxHjoAROX5i82wC_Ug,"17 Janis Way, Scotts Valley, CA 95066, USA",Scotts Valley,CA,(831) 461-1100,https://bfpfire.com/,BFP Fire Protection,5,3,,,,,,,,,2026-03-21T22:59:02.194228+00:00,2026-03-21T22:59:02.194228+00:00
99,google_maps,Action Fire Systems Co Inc,ChIJSWdvZo5Q2YARyauWjaW12p0,"9185 Harness St, Spring Valley, CA 91977, USA",Spring Valley,CA,(619) 462-9210,https://www.actionfiresystems.com/,Paramount Fire Systems Inc,5,1,,,,,,,,,2026-03-21T22:59:02.194228+00:00,2026-03-21T22:59:02.194228+00:00
101,google_maps,Qualco Fire Protection,ChIJtzWb0lnSwoARv8GvG811jW0,"10310 Pioneer Blvd #2, Santa Fe Springs, CA 90670, USA",Santa Fe Springs,CA,(562) 945-7404,http://www.qualcofire.com/?utm_source=GMBlisting&utm_medium=organic,Qualco Fire Protection,4.2,5,Don,Becka,President,dbecka@qualcofire.com,http://www.linkedin.com/in/don-becka-5b877224,BULLSEYE,President at a California fire sprinkler contractor with exceptionally long tenure (President since 2000) and 35+ years in fire protection—very strong 50+ / succession-likelihood signal. Clear principal-level authority and direct alignment with fire sprinkler contracting ICP.,"President & Likely Owner: Donald Becka has served as President of Qualco Fire Protection since July 2000 (25+ years), indicating senior decision-making authority and a high likelihood of ownership—making him a primary purchasing contact. This tenure signals authority to evaluate and approve vendor solutions.

35+ Years Industry Experience: Becka's career includes district management roles at Cosco and Grinnell and continuous leadership at Qualco, giving him deep technical and operational knowledge of fire protection contracting—useful for positioning solutions that respect industry workflows and compliance needs.

Small, Operations-Focused Contractor: Qualco is a small-to-mid-sized contractor (~11–16 employees, ~$3M revenue) focused on sprinkler and fire-protection systems; this profile suggests tight teams where workflow inefficiencies (like manual bid tracking) materially impact capacity and margins—an entry point for workflow/bid-management tools.

Licensed & Longstanding Business: Qualco has been in business ~25 years and holds a Contractors State Licensing Board license (No. 786012, exp. 10/31/2026), indicating regulatory compliance and stability—factors that matter when proposing solutions tied to service reliability and contract compliance.",2026-03-21T22:59:02.194228+00:00,2026-03-21T22:59:02.194228+00:00
101,google_maps,Qualco Fire Protection,ChIJtzWb0lnSwoARv8GvG811jW0,"10310 Pioneer Blvd #2, Santa Fe Springs, CA 90670, USA",Santa Fe Springs,CA,(562) 945-7404,http://www.qualcofire.com/?utm_source=GMBlisting&utm_medium=organic,Qualco Fire Protection,4.2,5,Mike,Ayers,President,,http://www.linkedin.com/in/mike-ayers-9048053a,HIGH,"President at Qualco Fire Protection (Santa Fe Springs, CA; 11-50 employees) with strong tech/context signals (Procore network presence; G Suite/Gmail; Dynamics CRM). However, Mike Ayers’ personal age/tenure isn’t provided, so retirement fit is uncertain despite strong operational fit for bid management.","President & Decision-Maker: Mike Ayers is listed as President of Qualco Fire Protection, meaning he likely has final authority on purchasing and operational changes—making him a direct inbound target for solutions like BasisBoard.

Procore User — Tech Adoption: Qualco joined Procore in April 2022 and shows substantial project activity (148 projects, 53 active), indicating openness to construction tech and a potential integration/adjacency opportunity for BasisBoard's bid/project workflow features.

Small, Specialized Contractor: Qualco is a small (11–50 employees), sub-$5M fire protection contractor focused on commercial, healthcare, industrial, and institutional markets—an ICP fit that often benefits from scalable bid and project-management tools.

Likely Bid/Workflow Pain Point: As a smaller fire protection contractor handling many large projects (average project size listed ~$10.8M), Qualco may struggle with bid coordination and project workflows—an area where BasisBoard's bid management could deliver clear ROI.",2026-03-21T22:59:02.194228+00:00,2026-03-21T22:59:02.194228+00:00
102,google_maps,"Pye-Barker Fire & Safety, formerly Marquee Fire Protection",ChIJYfgF_nMjm4AR6wb8hdAieh8,"3875 Atherton Rd Ste 200, Rocklin, CA 95765, USA",Rocklin,CA,(916) 641-7997,https://pyebarkerfs.com/locations/sacramento-ca/,Marquee Fire Protection,5,2,,,,,,,,,2026-03-21T22:59:02.194228+00:00,2026-03-21T22:59:02.194228+00:00
103,google_maps,Mr Sprinkler,ChIJxesAj7Ehm4ARDb333rHAuTQ,"100 Derek Pl, Roseville, CA 95678, USA",Roseville,CA,(916) 773-7036,http://mrsprinkler.com/,Mr. Sprinkler Fire Protection,4.5,8,Jeff,Rovegno,President,jeff@mrsprinkler.com,http://www.linkedin.com/in/jeff-rovegno-a109b68,BULLSEYE,Owner/President since 1989 at a CA fire sprinkler contractor (11–50) is an excellent match for owner-level decision-maker and likely 50+ objective. Long tenure suggests succession/transition potential and entrenched bid/email processes BasisBoard can modernize.,"Owner and Decision-Maker: Jeff Rovegno is the Owner/President of Mr. Sprinkler Fire Protection, giving him direct purchasing and operational authority—making him a high-value outreach target for procurement of bid-management tools. Engaging him can accelerate evaluation and purchase decisions. 

Long Tenure — Succession Signal: Rovegno has led the company since 1989 (25+ years), suggesting he is likely approaching retirement and may be thinking about succession or making the business more sellable—situations where operational tooling like BasisBoard becomes a priority. This creates an opening to position BasisBoard as a succession-enabling asset. 

Small-to-Mid Service Contractor: Mr. Sprinkler Fire Protection is a privately held, 11–50 employee fire protection contractor that performs design, installation, inspection, testing and maintenance—matching BasisBoard's target ICP of small/mid subcontractors who benefit from streamlined bid workflows. 

High Bid Volume / Efficiency Need: As a full‑service contractor working with developers and contractors, the company likely handles a high volume of bids and estimates—creating pain points around deadline tracking, bid comparison, and manual data entry that BasisBoard directly addresses. This makes efficiency and win-rate improvements a strong sales angle.",2026-03-21T22:59:02.194228+00:00,2026-03-21T22:59:02.194228+00:00
106,google_maps,Spectrum Fire Protection,ChIJoxMPmVHNwoAR6INdN5Yr5vo,"1330 E Orangethorpe Ave, Fullerton, CA 92831, USA",Fullerton,CA,(714) 597-6883,https://www.spectrumforfireprotection.com/?utm_campaign=gmb,Spectrum Fire Protection,5,87,Samuel,Khodari,Owner,sam@spectrumforfireprotection.com,http://www.linkedin.com/in/samuel-khodari-04637745,BULLSEYE,"Owner of a small CA fire protection contractor founded in 1987—strong longevity and likely 50+ signal, good target size (~10 employees). Clear fire sprinkler/suppression scope; likely runs bids and scheduling via email/spreadsheets where BasisBoard can create visibility.","Owner and Decision-Maker: Samuel Khodari is listed as the Owner of Spectrum Fire Protection, giving him direct authority over vendor selection and purchasing decisions—ideal for direct outreach and executive-level proposals.

Longstanding Business Since 1987: Spectrum Fire Protection was founded in 1987, indicating stability and potential succession or modernization opportunities that vendors can target with upgrade, training, or transition services.

Small SMB Profile (<$5M, 10 Staff): The company operates with ~10 employees and under $5M revenue, suggesting budget-conscious decision-making and preference for cost-effective, easy-to-deploy solutions—good fit for SMB-oriented offerings and bundled services.

Specialist Fire Protection Services: Spectrum designs, installs, inspects and services water-based sprinkler systems and specializes in NFPA-13D/13R and California Title 19 work, indicating needs for compliance tools, inspection management, parts/supplies, and technical training.

A+ BBB & CalSafe Member: BBB A+ accreditation and CalSafe membership show a focus on reputation and regulatory compliance, so messaging that emphasizes certification, compliance support, and reliability will carry weight.",2026-03-21T22:59:02.194228+00:00,2026-03-21T22:59:02.194228+00:00
107,google_maps,AFE Fire Protection,ChIJhdW_kS2Bj4AR7Z2M48VpCMU,"1537 Webster St, Alameda, CA 94501, USA",Alameda,CA,(510) 523-6025,http://www.afefireprotection.com/,Afe Fire Protection Inc,5,1,Michael,Santillan,President,michaels@afefireprotection.com,http://www.linkedin.com/in/michael-santillan-195bb127,BULLSEYE,"President/CEO of a Bay Area fire protection contractor with very long tenure (with company since 1997) and education dates (1993–1997) suggesting early 50s. Strong fit on trade, location, and likely decision authority; good retirement-adjacent signal.","President & CEO — Decision Authority: Michael Santillan is listed as President and also as CEO/primary contact for AFE Fire Protection, indicating he likely has authority to approve purchasing decisions for software like BasisBoard.

Long Tenure & Owner-Operator: Michael has been with AFE since at least 1997 and the current ownership timeline dates to 1998/2001, suggesting deep institutional knowledge and an owner-operator mindset that often prioritizes operational efficiency and long-term tooling.

Small Team, High Client Volume: AFE operates with a very small team (2–10 employees) but services over 2,000 clients, a mix that likely creates capacity constraints and recurring bid/project coordination needs that BasisBoard can address.

Works with Public & Large Clients: AFE lists large corporations, cities and federal/state/county organizations among its clients, implying complex, compliance-driven bids and contracts where a bid-management platform could add clear value.

Potential Bid Management Pain: Given the small headcount, high client volume, and no detailed public tech/bid workflow listed, AFE likely has manual or ad-hoc bid processes — a strong outreach angle for BasisBoard's bid management solution.",2026-03-21T22:59:02.194228+00:00,2026-03-21T22:59:02.194228+00:00
108,google_maps,Sure Safe Fire Protection,ChIJeTi5SyCgxIARakUqNlo4-iI,"11245 Tujunga Rd, Apple Valley, CA 92308, USA",Apple Valley,CA,(760) 508-0629,,Sure Safe Fire Protection,3.7,6,Shawn,Webster,Owner,,http://www.linkedin.com/in/shawn-webster-10682273,BULLSEYE,"Owner of a sole proprietorship fire protection contractor in Apple Valley, CA, started locally in 1983 with long permit history—strong indicator of an older, long-tenured principal and likely 50+. Great succession/acquisition fit, though service mix leans smaller/project-based.","Owner and Decision-Maker: Shawn Ray Webster is listed as the owner of Sure Safe Fire Protection, meaning he likely controls purchasing and operational decisions — a direct target for outreach about procurement/estimating tools. Outreach can be routed directly to the owner for faster evaluation and trial decisions.

Long Tenure — Succession Signal: The business was founded in 1983, indicating decades of operation and an owner who may be nearing retirement or planning succession; this creates openings to position BasisBoard as a tool for institutionalizing estimating processes and making the business sale-ready.

Active License & Recent Permits: Sure Safe Fire Protection holds an active California Fire Protection license (verified Nov 2025) and has permit activity as recent as 2024, indicating ongoing projects and continued business activity — a prime time to pitch tools that speed bid response and reduce missed opportunities.

Sole Proprietorship — Hands-On Owner: The company is a sole proprietorship with a high BuildZoom score (101, top 12% in CA), suggesting a small-to-mid sized operation where the owner is likely deeply involved in estimating and bid management — i.e., a user who will benefit directly from BasisBoard's workflow efficiencies.",2026-03-21T22:59:02.194228+00:00,2026-03-21T22:59:02.194228+00:00
109,google_maps,Lund Pearson McLaughlin Fire Protection Systems,ChIJcdzQFg-6j4ARammb3aa_NWY,"897 Independence Ave # 1E, Mountain View, CA 94043, USA",Mountain View,CA,(800) 969-9460,http://www.lpmfire.com/,Lund Pearson McLaughlin Fire Protection Systems,,0,James,McLaughlin,President/CEO,,http://www.linkedin.com/in/james-mclaughlin-23b56720,BULLSEYE,"President/CEO (partially unverified) of an independently owned CA fire protection firm founded in 1978 focused on inspection/testing/maintenance/repair of water-based systems—good contractor adjacency and likely steady commercial work. Person details are somewhat ambiguous, but company age suggests older leadership and succession potential.","Role Ambiguity — Confirm Authority: Sources conflict on whether James McLaughlin is the President/CEO of Lund Pearson McLaughlin; ZoomInfo lists Thomas Bednar as President & CEO while two LinkedIn profiles show James/Jim McLaughlin at the company. Verify James's current title and decision-making authority before pitching executive-level solutions.

Direct Contact Details Found: One LinkedIn profile lists an email (jimmclaughlin@lpmfire.com) and the company website publishes phone numbers and a Mountain View address, giving multiple channels for outreach or for routing to the correct decision-maker.

SMB Fire-Protection Specialist: Lund Pearson McLaughlin is an independently owned California firm (founded 1978) that focuses on inspection, testing, maintenance and repair of water-based fire protection systems — a strong fit for outreach about bid/workflow tools for recurring service contracts.

Operational Scale & Hiring Signals: ZoomInfo estimates revenue < $5M and 11–50 employees, and the company is actively hiring field technicians; they also use Luminate and AWS hosting — indicators of SMB scale and potential gaps in enterprise bid-management tooling that BasisBoard could address.",2026-03-21T22:59:02.194228+00:00,2026-03-21T22:59:02.194228+00:00
110,google_maps,F & H Fire Protection Inc,ChIJ1anOSwbFwoAROp28p3vePg8,"1119 Westminster Ave #1256, Alhambra, CA 91803, USA",Alhambra,CA,(626) 705-4338,,Hutch Fire Protection,5,1,,,,,,,,,2026-03-21T22:59:02.194228+00:00,2026-03-21T22:59:02.194228+00:00
111,google_maps,"Shasta Fire Protection, Inc.",ChIJ98bkC3Qc24ARqPKa9E9F2hA,"72120 Northshore St STE C, Thousand Palms, CA 92276, USA",Thousand Palms,CA,(760) 404-1350,https://shastafire.com/,SHASTA FIRE PROTECTION INC,,0,Rene,Stahl,President,rstahl@shastafire.com,http://www.linkedin.com/in/rene-stahl-704b381b,BULLSEYE,"President/Principal of a Palm Springs/Coachella Valley fire protection design/installation firm founded 1985—strong longevity signal and good chance of 50+ ownership profile. Limited personal tenure details prevent a top score, but overall a strong California owner target.","Company Decision-Maker: Rene Stahl is listed as President and Principal of Shasta Fire Protection, indicating senior decision-making authority over operations and vendor selection—an ideal contact for business development conversations. Targeting the President increases the chance of engaging a budget-holder for procurement or strategic change.

Long-tenured Local Owner: Shasta Fire Protection was founded in 1985, suggesting Rene likely has long tenure and may be approaching retirement or succession planning—useful timing for M&A, exit planning, or solutions addressing owner transition. Outreach messaging around succession, efficiency gains, or simplified handoff can resonate.

Small Operations, Likely Manual Processes: The company is small (estimated 11–50 employees, <$5M revenue) and the public site is basic (WordPress), indicating limited internal tooling and a higher probability of manual bid, scheduling, and compliance workflows—an opportunity for workflow/bid management software. Pitching efficiency, reduced admin burden, and easy onboarding will be relevant.

Regulatory Compliance Pressure: Operating in California, the company must comply with state inspection and maintenance rules (Title 19, NFPA 25), creating ongoing documentation and scheduling needs that a compliance/workflow platform can address. Messaging that reduces compliance risk and simplifies inspection records will be persuasive.",2026-03-21T22:59:02.194228+00:00,2026-03-21T22:59:02.194228+00:00
112,google_maps,"Symons Fire Protection, Inc.",ChIJx8LhwDBY2YAR4vMgZHdeqhw,"9475 Chesapeake Dr, San Diego, CA 92123, USA",San Diego,CA,(619) 588-6364,https://symonsfp.com/,"Symons Fire Protection, Inc.",4.2,32,Jamil,Shamoon,President,jamil@symonsfp.com,http://www.linkedin.com/in/jamil-shamoon-b031107,BULLSEYE,"President of a full-service fire-life safety contractor established in 1993 with career starting in late 1990s and long internal progression—strong operator/leader fit in CA. However, recognized as “Young Professional of the Year” (2020) suggests he may not be near retirement age despite long tenure.","Owner-Level Decision Maker: Jamil Shamoon is President of Symons Fire Protection since 2019, indicating direct budget and vendor selection authority—useful for outreach that targets executive decision-makers. His long tenure at the company means conversations can move quickly from evaluation to procurement.

Hands-On Industry Veteran: Jamil worked his way up from a field helper through fitter, foreman, project manager, and VP since the late 1990s, giving him deep operational knowledge and credibility with technical teams—helpful when positioning solutions that affect field workflows or installation practices.

LinkedIn-Active Executive: He engages with company and industry content on LinkedIn, suggesting receptiveness to professional outreach and content-driven engagement strategies (posts, case studies, event invites). Targeted LinkedIn outreach or content sponsorships could gain visibility and response.

Operational Efficiency Focus: Symons emphasizes responsiveness, resourcefulness, quality, and partners with major vendors (Tyco, Reliable, Viking), indicating priorities around consistent service delivery and reliable supply chains—opportunities for solutions that improve project management, uptime, or inventory/parts sourcing.",2026-03-21T22:59:02.194228+00:00,2026-03-21T22:59:02.194228+00:00
113,google_maps,Rice Fire Protection,ChIJE6retZao3IARHFPHzZZe_0I,"24300 Vera Ln, Moreno Valley, CA 92557, USA",Moreno Valley,CA,(951) 243-6677,https://www.facebook.com/pg/Rice-Fire-Protection-677042135660482,Rice Fire Protection,5,1,Chip,Rice,Owner,chip@ricefirepro.com,http://www.linkedin.com/in/chip-rice-90467540,BULLSEYE,"Owner at a CA fire suppression contractor with long company history (since 1991) and meaningful Procore footprint (17 projects; avg size $2.6M) indicating commercial bid activity. Some ambiguity whether Chip vs Charles Rice is the principal, but still a strong company fit for BasisBoard.","Owner and Decision‑Maker: Chip Rice is listed as the Owner of Rice Fire Protection, making him a direct decision-maker for tools or services that affect estimating, bidding, or operations—an ideal outreach target for purchase conversations. This ownership role signals authority to evaluate and approve solutions. 

Established Commercial Contractor: Rice Fire Protection has operated since 1991 (34 years) and focuses on commercial new construction and renovation, indicating long-term market presence and repeat project workflows that can benefit from bid/estimate automation. Their commercial focus aligns with solutions aimed at subcontractors serving larger GC projects.

Procore User with Active Projects: The company appears on Procore with 17 total projects and 5 currently active (1 Procore user), showing they already use digital project management—this demonstrates tech adoption and a concrete entry point to propose a complementary bid management tool.

High BuildZoom Reputation: Rice Fire Protection has a BuildZoom score of 110 (above 96% of CA contractors) and a history of dozens of projects, signaling strong reputation and steady bid volume—making efficiencies in bidding/estimating potentially high-impact financially and operationally.

Likely Bid Management Pain: Given the company's sustained project volume and use of Procore, they likely face challenges around tracking bid invites, deadlines, and manual estimating tasks—an opportunity for pitching a centralized bid-management platform to reduce manual work and increase visibility.",2026-03-21T22:59:02.194228+00:00,2026-03-21T22:59:02.194228+00:00
114,google_maps,Ultimate Fire Systems Inc - Fire Sprinklers,ChIJO2451RTHmoARPZoEV_QOLpM,"Elk Grove, CA 95624, USA",Elk Grove,CA,(916) 509-2111,http://www.ultimatefiresystems.com/,"ULTIMATE FIRE SYSTEMS, INC.",,0,Randy,Groves,President,,http://www.linkedin.com/in/randy-groves-37655844,BULLSEYE,"President of a CA fire sprinkler contractor with long tenure (President since 2008) and career history back to 1998, supporting 25+ years experience/likely 50+. Residential fire sprinkler specialization is still within fire protection contracting, and he appears to be a true principal decision-maker.","Owner-Level Decision Maker: Randy Groves is the President of Ultimate Fire Systems, giving him direct authority to evaluate and purchase software for operations and bidding workflows—ideal for outreach that targets owners/founders. This means sales conversations can be positioned at a strategic decision-making level. 

Long-Tenured Industry Veteran: Randy has served as President since July 2008 with industry experience back to 1998, indicating deep knowledge of fire protection operations and likely interest in solutions that reduce manual overhead or support succession planning. This background makes messaging about efficiency, knowledge transfer, and acquisition-readiness persuasive. 

Small Business Fit (1-10): Ultimate Fire Systems is a small contractor (1–10 employees), matching BasisBoard’s target profile of small to mid-sized teams where a single decision-maker can rapidly adopt new tooling to streamline bidding and project management. Selling simplicity and ROI to a compact team is especially relevant. 

Operations Pain: Bids & Coordination: The company handles residential and commercial sprinkler projects plus NFPA 25 inspections, suggesting frequent bids and project coordination across jobs—pain points BasisBoard addresses by centralizing bid invites, deadlines, and progress tracking. Positioning on bid management and deadline reliability will resonate. 

Active & Engaged on LinkedIn: Randy engages with LinkedIn content (likes posts about new positions, business milestones, anniversaries), indicating he monitors professional updates and is reachable via LinkedIn outreach or content-driven engagement. This supports a multi-touch outreach strategy combining InMail and content.",2026-03-21T22:59:02.194228+00:00,2026-03-21T22:59:02.194228+00:00
115,google_maps,Battalion One Fire Protection,ChIJGfpNGgGQj4AR6nFW9CB8d_4,"14755 Catalina St, San Leandro, CA 94577, USA",San Leandro,CA,(510) 653-8075,http://battaliononefire.com/,Battalion One Fire Protection,3.4,13,Battalion,Protection,President,,http://www.linkedin.com/in/battalion-protection-89116934,BULLSEYE,"Founder/President of a Bay Area full-service fire protection company (alarms, sprinklers, extinguishers, suppression) with 11-50 employees and 18 years at the firm. Good authority and company fit; age appears mid-to-late career but not conclusively 50+ from the provided timeline.","Founder & Decision Maker: Michael Herbert is the Founder and President of Battalion One Fire Protection, giving him clear ownership-level decision authority — ideal for outreach targeting business owners/founders. This role means conversations can quickly advance on vendor selection and strategic initiatives.

Core Fire-Protection Focus: Battalion One is a full-service fire protection contractor offering alarms, sprinklers, suppression, extinguishers and related services — a direct match to solutions sold to fire protection contractors. Their service mix makes them a relevant buyer for products or software targeting sprinkler, alarm, and suppression workflows.

Established SMB with Scale: Founded in 2008 and operating with ~11–50 employees and reported ~$5.6M revenue, Battalion One is a mature small-to-mid sized business likely with repeatable processes and budget authority for productivity tools. That size often means decision-makers are receptive to solutions that reduce operational friction and customer issues.

Service & Reputation Pain Signals: Low Yelp ratings (2.9) and mixed employee reviews point to recurring service, billing, and operational issues that create openings for solutions improving customer communication, scheduling, and quality control. These public complaints can be used as specific, empathetic conversation starters about reliability and customer experience improvements.

Financial Strain Signal (PPP Loan): Receiving over $1M in SBA PPP loans suggests the business experienced cash-flow pressure during COVID-era disruptions, which may make them price-sensitive but also open to ROI-focused efficiency tools that reduce operating cost or improve margins. Finance history is a useful qualifier when framing pricing and value.",2026-03-21T22:59:02.194228+00:00,2026-03-21T22:59:02.194228+00:00
116,google_maps,"Residential Fire Systems, Inc.",ChIJz1vmk8XR3IARkeq0RysfM6o,"8085 E Crystal Dr, Anaheim, CA 92807, USA",Anaheim,CA,(800) 635-1656,http://www.resfire.com/,Residential Fire Systems Inc.,4.4,7,Ty,Maley,President,tym@resfire.com,http://www.linkedin.com/in/ty-maley-81749257,BULLSEYE,"President since 2000 and founder of a residential fire sprinkler company in Anaheim, CA, with industry start dating to 1995—strong tenure and likely 50+ signal. As an active operator overseeing sales/purchasing/accounting, he’s a strong decision-maker and a good fit for bid/inbox workflow pain.","Owner‑President with Authority: Ty Maley is the President and co‑founder of Residential Fire Systems Inc. (since 2000) and directly oversees sales, purchasing, accounting and office management — making him a primary decision maker for purchasing and process changes. This makes him a high‑value outreach target for procurement or workflow tools. 

Deep Technical Experience: Ty has long experience in the fire sprinkler industry (started in 1995), holds an AA in Technical Training, NFPA fire sprinkler design certification, and is a certified trainer for Blazemaster CPVC installations — signaling strong operational knowledge and credibility when evaluating technical solutions. Sales outreach should speak to concrete operational benefits and compliance/quality improvements. 

Residential Focused Contractor: Residential Fire Systems positions itself as a one‑stop shop for residential fire sprinklers (including a fire alarm division) and emphasizes value‑engineered, cost‑efficient designs and certified installers. That service mix suggests needs around estimating, scheduling and keeping bids/costs competitive. 

Likely High Bid/Estimating Pain: As a residential fire protection contractor, the company likely manages many bids, deadlines and addenda and currently uses manual scheduling/estimating approaches — a clear fit for BasisBoard's bid automation, centralized dashboard and data‑entry reduction value props. Outreach should highlight time savings, fewer errors and improved pipeline visibility.",2026-03-21T22:59:02.194228+00:00,2026-03-21T22:59:02.194228+00:00
117,google_maps,Ingram Fire Protection Inc.,ChIJn9LOqUyej4ARTsB_9yHCfYc,"22215 Meekland Ave, Hayward, CA 94541, USA",Hayward,CA,(650) 437-6000,http://www.ingramfire.com/,INGRAM FIRE PROTECTION INC.,,0,Chris,Ingram,CEO,chris.ingram@ingramfire.com,http://www.linkedin.com/in/chris-ingram-1a44a6187,BULLSEYE,"CEO of a Northern California commercial-focused fire sprinkler contractor (11–50) working with large GCs and high-tech/data centers—strong ICP fit for bid volume and workflow complexity. Age/retirement signal is only suggestive (not well evidenced), so slightly lower vs the most retirement-aligned leads.","Owner / CEO Decision-Maker: Chris Ingram is the CEO and founder-level leader of Ingram Fire Protection Inc., indicating direct authority over purchasing and process changes—ideal for outreach that needs an executive sponsor. This matters because he can greenlight tools that impact bid and project workflows.

Commercial Construction Focus: IFPI concentrates on commercial construction clients—including ENR 400 general contractors, data centers, and high-tech firms—so sales messaging should highlight compliance, scalability, and coordination for large, regulated projects.

Mid‑Size, High‑Growth Profile: The company is a small-to-mid-sized contractor (11–50 employees) with demonstrated rapid growth (Inc. 5000 No. 801 in 2019) and ~$3M revenue, making it large enough to need software process improvements but small enough to adopt them relatively quickly.

Bid & Project Coordination Pain: IFPI’s wide range of services and focus on large commercial projects (design/build, 5D services, maintenance, complex systems) suggests pain around managing bids, deadlines, and cross-team coordination—areas BasisBoard can directly simplify and automate.",2026-03-21T22:59:02.194228+00:00,2026-03-21T22:59:02.194228+00:00
118,google_maps,Excellence Fire Protection,ChIJG8X7nZGWwoARjx7pPbycUx0,"7244 Bellaire Ave, North Hollywood, CA 91605, USA",North Hollywood,CA,(818) 503-5212,,Excellence Fire Protection,,0,Avishay,Levanon,OWNER,,http://www.linkedin.com/in/avishay-levanon-b75aab36,BULLSEYE,Owner/President/CEO of a Los Angeles-area fire protection contractor founded ~2002—strong persona and company fit. Age is inferred but not evidenced; still a solid SMB operator prospect for bid management modernization.,"Owner / Final Decision‑Maker: Avishay Levanon is the Owner and President/CEO of Excellence Fire Protection, meaning he likely has direct authority over purchasing and vendor decisions — a primary target for outreach. Engaging him directly can shorten sales cycles and avoid gatekeepers.

High Project Volume (Procore): The company has participated in 272 Procore projects with 56 active projects and an average project size of $1.85M, indicating meaningful recurring project management needs and budget capacity for tools that streamline workflows. This volume makes them a strong candidate for solutions that reduce project admin and coordination costs.

Using Procore (Tech Adoption Signal): Excellence Fire Protection has active Procore users (2 listed), demonstrating existing openness to construction/project software and a potential willingness to adopt complementary platforms like BasisBoard. Low user count could mean a small pilot team and an easy path to expand usage.

Established & Highly Ranked Contractor: Founded in 2002 and ranked in the top 3% of California contractors (BuildZoom score 112) with an active contractors' license, the company’s longevity and reputation suggest stability and credibility — useful when proposing multi-project or long-term contracts.",2026-03-21T22:59:02.194228+00:00,2026-03-21T22:59:02.194228+00:00
119,google_maps,Kord Fire Protection,ChIJ9U8smqK7woARnxSNdeKJYpU,"2345 Westwood Blvd #7, Los Angeles, CA 90064, USA",Los Angeles,CA,(800) 918-8978,http://kordfire.com/,Kord Fire Protection,5,1,Darius,Kordabadi,Chief Executive Officer,darius@kordfire.com,http://www.linkedin.com/in/darius-kordabadi-739a651a,BULLSEYE,"CEO (previously Owner) of a multi-service fire protection contractor in CA (sprinkler/alarm/extinguisher/suppression) with meaningful scale ($12M+ revenue, likely 51-200). Good ICP and authority, but age signal is weaker (started industry 2005; likely under 50).","CEO and Decision-Maker: Darius Kordabadi is the Chief Executive Officer and former owner of Kord Fire Protection, making him a principal decision-maker for vendor selection, partnerships, and strategic investments — a direct target for senior‑level outreach. Engaging at the CEO level accelerates procurement and approval cycles for company-wide tools or services.

Long Industry Experience & Licenses: Active in fire protection since 2005 and holding California C-10 & C-16 licenses, Darius brings deep technical and regulatory knowledge that shapes purchasing decisions and vendor expectations. This senior expertise means proposals should emphasize compliance, risk reduction, and ROI tied to code/licensing requirements.

Recent Growth — New Headquarters: Kord Fire Protection announced a new headquarters (Studio City) in April 2025 to support rapid growth, indicating expanding operations and potential needs for scalable workflows, staffing, and vendor support. Growth phases are high-opportunity times for tools that improve efficiency, onboarding, and project management.

Experience with Educational Facilities: The company has worked with public schools, community colleges, and university facilities, demonstrating experience with complex, compliance-driven projects and institutional procurement processes — a useful signal for sellers targeting education portfolios. Vendors should highlight references, contract compliance, and streamlined bid responses for institutional clients.

Active Industry Content & Engagement: Darius authors and shares industry content (articles, posts) and engages with fire‑safety topics on social platforms, signaling openness to new ideas and thought leadership conversations. Outreach that references his posts or offers value-add content is more likely to get a response.",2026-03-21T22:59:02.194228+00:00,2026-03-21T22:59:02.194228+00:00
119,google_maps,Kord Fire Protection,ChIJ9U8smqK7woARnxSNdeKJYpU,"2345 Westwood Blvd #7, Los Angeles, CA 90064, USA",Los Angeles,CA,(800) 918-8978,http://kordfire.com/,Kord Fire Protection,5,1,Burton,Pederson,President,burton@majesticfire.com,http://www.linkedin.com/in/burton-pederson-9a181741,HIGH,"President at Kord Fire Protection (CA, full-service) which fits trade and size (51-200), but the individual’s identity/tenure/age could not be verified in the research. Prioritize lower until the correct principal and retirement signals are confirmed.","President-Level Decision Maker: Burton Pe***n is listed as President of Kord Fire Protection, indicating likely executive decision-making authority for purchases and vendor selection — a key target for direct outbound outreach. The exact LinkedIn identity is unverified, so outreach should verify identity but prioritize executive messaging if confirmed.

Compliance & Documentation Pain: A recent company LinkedIn post (2026-02-10) emphasizes maintaining proper documentation for fire protection systems, signalling customers struggle with compliance documentation — a clear entry point for BasisBoard's bid management and workflow platform that improves records and audits.

Growth: New Studio City HQ: Kord Fire Protection announced a new headquarters in Studio City (2025), which suggests recent growth or consolidation and potential changes in operations, procurement, or project volume that create openings for new vendor relationships and workflow tools.

Acquisition Activity: Kord acquired Omega Fire Protection, indicating M&A-driven integration work and possible gaps in consolidated processes and documentation — an opportunity to position solutions that streamline post-acquisition workflows and unify systems across teams.

Public-Sector & Institutional Clients: Kord serves government agencies (including NASA), military bases, airports and other institutional clients, meaning high compliance, strict documentation, and procurement requirements — factors that make process automation and auditable workflows especially valuable.",2026-03-21T22:59:02.194228+00:00,2026-03-21T22:59:02.194228+00:00
120,google_maps,Southland Fire Alarms,ChIJJwTRZrC0woARtjYmrUiKAKc,"553 N Pacific Coast Hwy #137, Redondo Beach, CA 90277, USA",Redondo Beach,CA,(310) 375-1015,http://www.fire-alarm.com/,Southland Fire Alarm,3,2,Robert,Kugler,President,bob@fire-alarm.com,http://www.linkedin.com/in/robert-kugler-12405718,BULLSEYE,"President of a long-running fire alarm firm (in business ~45 years) focused on inspections/engineering in the Los Angeles area, which aligns well with fire protection contracting. Ownership isn’t explicitly confirmed and Robert’s personal tenure/age is inferred rather than proven, but company longevity suggests an older operator profile.","President with Decision Authority: Robert Ku***r is listed as President of Southland Fire Alarm, indicating he holds executive decision-making authority—making him a direct buyer or approver for operational tools like BasisBoard that impact workflows and profitability.

Small, Revenue-Conscious SMB: The company is a small business (~5 employees, ~$1M revenue), which fits BasisBoard's SMB target and suggests sensitivity to efficiencies that reduce overhead and improve bid win-rates.

Operational / Customer-Service Vulnerability: Southland Fire Alarm has a C+ BBB rating due to a failure to respond to a complaint, a sign of operational or customer-communication gaps that BasisBoard could help address by improving project visibility and follow-up processes.

Technical & Industry Credentials: Robert is NICET-certified and the company highlights professional technicians, indicating a strong technical orientation and respect for standards—useful when positioning integrations, compliance tracking, or project documentation features.

Project/Bid Workflow Opportunity: Their service mix (inspections, engineering, fire plans and submittals) and use of lightweight tools (JotForm, PHP/JS on site) point to manual bid/project workflows that could benefit from a dedicated bid-management platform to improve speed and accuracy.",2026-03-21T22:59:02.194228+00:00,2026-03-21T22:59:02.194228+00:00
120,google_maps,Southland Fire Alarms,ChIJJwTRZrC0woARtjYmrUiKAKc,"553 N Pacific Coast Hwy #137, Redondo Beach, CA 90277, USA",Redondo Beach,CA,(310) 375-1015,http://www.fire-alarm.com/,Southland Fire Alarm,3,2,Dace,Zelika-Zomere,Owner,,http://www.linkedin.com/in/dace-diana-zelika-zomere-28914b82,HIGH,"Owner of a small Redondo Beach, CA fire alarm/security contractor (~5 employees, ~$1M). Strong small-business fit, but no age/tenure signals and BBB C+ may indicate operational issues; still potentially a fit for inbox-driven bid/dispatch workflow depending on their bid volume.","Owner / Primary Decision‑Maker: Dace Ze***e is listed as the Owner of Southland Fire Alarm, indicating direct authority over purchasing and operational decisions—useful for sales outreach that needs a single executive sponsor.

Fire Protection Specialist: Southland Fire Alarm focuses on fire alarm systems, inspections, repairs and security installations, which aligns directly with BasisBoard's target ICP of fire protection contractors and suggests product relevance.

Small Team, High Leverage Opportunity: The firm is ~5 employees with ~$1M revenue (2026 data), meaning processes are likely manual and a bid/workflow tool like BasisBoard could deliver outsized efficiency gains to a compact team.

Customer Service / Reputation Risks: A C+ BBB rating (as of 2026-03-15) and mixed Yelp reviews (last updated Feb 2026) indicate operational or responsiveness issues—selling BasisBoard can be framed around reducing missed deadlines and improving customer satisfaction.",2026-03-21T22:59:02.194228+00:00,2026-03-21T22:59:02.194228+00:00
121,google_maps,Sexton Fire Protection,ChIJBQ0Xk3ni24ARlrxTuq_aUdk,"12222 Woodside Ave #132, Lakeside, CA 92040, USA",Lakeside,CA,(619) 454-6945,,Sexton Fire Protection,4.4,7,Brent,Team,Owner,,http://www.linkedin.com/in/brent-team-4-rockies-45aa091a,BULLSEYE,"Owner since 2001 of a San Diego area (Lakeside/La Mesa) fire sprinkler business—good long-tenure signal and likely 50+ inference. Small company profile suggests the owner personally manages bidding/ops, making BasisBoard’s automation and visibility valuable.","Owner / Decision-Maker: Listed as the owner of Sexton Fire Protection on LinkedIn, indicating direct purchasing and strategic decision authority — a high-value contact for sales outreach. Owners typically control vendor choices for small contractors, so outreach can be targeted at final decision-makers.

25+ Years Tenure: Shown as owner since July 2001 on Facebook, demonstrating long-term business stability and deep operational knowledge; this can signal openness to succession planning or efficiency improvements that reduce owner burden. Long tenure also implies established processes that may benefit from modernization.

Small Local Contractor: Company focuses on commercial and residential fire sprinklers and appears to be a small business (limited followers and connections), matching typical ICPs for targeted SMB solutions. Small size suggests fewer internal resources and higher receptivity to tools that improve efficiency or reduce overhead.

Limited Online Presence: Searches turn up mostly a Facebook page and little press, indicating a weak public/digital footprint — an opportunity for solutions that improve bidding visibility, lead generation, or online credibility. Limited marketing presence often means contractors outsource or adopt platforms to win more work.

Relevant Code / Access Pain: A local-news piece about a Sexton subdivision highlights access and fire-department access concerns — while about a different Sexton, it underscores common industry challenges (access, code compliance, plan documentation) that your offering can address. Use this to frame conversations around compliance risk reduction and project approval speed.",2026-03-21T22:59:02.194228+00:00,2026-03-21T22:59:02.194228+00:00
122,google_maps,ABE Fire Protection,ChIJe8AWHFNzkIARhd37lKgeERw,"4025 Coronado Ave, Stockton, CA 95205, USA",Stockton,CA,(209) 479-8105,http://www.abefireprotection.org/,ABE Fire Protection,3.8,10,Abel,Miraflor,Business Owner,abel@abefire.com,http://www.linkedin.com/in/abel-miraflor-533b095a,BULLSEYE,"Business owner since 2008 with prior field leadership in fire protection—good owner/operator fit in California. Age/50+ isn’t evidenced, but 18+ years ownership suggests maturity and the kind of hands-on workflow where bid/inbox automation helps.","Business Owner & Decision-Maker: Abel Miraflor is the Business Owner of ABE Fire Protection and oversees operations, service, sales, and installation — making him a direct decision-maker for purchases and vendor selection. Targeting him enables single-threaded outreach to the person with budget and authority.

Long‑Tenured Industry Expert: Abel has been owner since January 2008 and previously worked as a Field Foreman (2002–2006), signaling deep domain knowledge and established processes. His long tenure suggests stability but also potential interest in efficiency, cost savings, or modernization initiatives.

Local Service Provider with Reviews: ABE Fire Protection operates in Stockton, the Bay Area, and Sacramento with a public website and positive Yelp reviews praising VIP service and the owner's hands‑on approach — useful social proof when positioning local-focused solutions. Their Procore and directory listings indicate active participation in contractor ecosystems.

Active on LinkedIn: Abel engages with LinkedIn content (likes on posts about leadership, ownership, and industry topics), indicating he is reachable and receptive to platform-based outreach or thought leadership. Use LinkedIn touchpoints for warm outreach and content-driven engagement.

Potential Succession/Retirement Opportunity: Having owned the business for 18+ years, Abel may be exploring retirement, succession, or pension options; NASI's pilot programs and pension-rule exceptions could be timely conversation starters for retirement, exit planning, or financing products. Positioning services around succession planning or M&A could resonate.",2026-03-21T22:59:02.194228+00:00,2026-03-21T22:59:02.194228+00:00
123,google_maps,Quality Fire Protection SF,ChIJs_HagGCBhYAR4zXQBAPztsk,"516 O'Farrell St, San Francisco, CA 94102, USA",San Francisco,CA,(415) 549-1208,https://fireprotectionsanfrancisco.com/,Commercial Fire Protection,5,29,,,,,,,,,2026-03-21T22:59:02.194228+00:00,2026-03-21T22:59:02.194228+00:00
124,google_maps,"Aizen Fire Protection, Inc",ChIJs7o76oWcwoARVvF4hbf0YtQ,"20942 Osborne St D, Canoga Park, CA 91304, USA",Canoga Park,CA,(800) 989-2312,http://aizenfire.com/,AIZEN FIRE PROTECTION INC,5,15,Eitan,Aizenshtein,CEO,eitan@aizenfire.com,http://www.linkedin.com/in/eitan-aizenshtein-07861347,BULLSEYE,CEO with multiple corporate officer roles (CFO/Secretary/Director) indicates strong ownership/control at a Los Angeles-area fire protection contractor—good fit. Company founded 2006 gives moderate tenure but not a strong 50+ signal; still relevant for BasisBoard as an active contractor managing installs/service.,"Founder-CEO with Authority: Eitan Aizenshtein is the CEO and also listed as Secretary, CFO, and Director of Aizen Fire Protection, indicating he is a primary decision-maker for purchases and strategic changes — a direct contact for vendor proposals. This central authority speeds procurement decisions and reduces gatekeepers for outreach.

Deep Fire-Protection Expertise: LinkedIn and contact-data sources list skills in fire alarm systems, inspection, engineering, value engineering, and project planning, showing domain expertise that makes technical conversations and ROI-focused pitches relevant. Sellers can engage at a technical level and reference compliance/inspection benefits.

Small, Established Business: Aizen Fire Protection is a small firm (estimated revenue <$5M; 1–10 employees) founded in 2006, indicating a stable, founder-led SMB that is likely sensitive to cost, efficiency, and scalable solutions. This profile fits well for mid-market offerings designed for operational efficiency and predictable pricing.

Strong Local Reputation: The company holds an A+ BBB accreditation since 2006 and multiple 5-star Yelp reviews praising reliability and customer service, signaling trustworthiness and repeat business — useful social proof to reference in outreach and partnership proposals.

Likely Manual Bid Management: Given the company's small size and history of local projects (BuildZoom records since 2012), the research flags manual handling of bid invites, deadlines, and estimating pipelines as a pain point — an entry for selling bid-management or workflow automation tools. Addressing manual workflows could improve win rates and capacity for growth.",2026-03-21T22:59:02.194228+00:00,2026-03-21T22:59:02.194228+00:00
125,google_maps,California Fire Systems Inc,ChIJLdhARzwQm4ARveN9BzdW8wQ,"12230 Shale Ridge Rd, Auburn, CA 95602, USA",Auburn,CA,(530) 888-7004,http://californiafiresystems.com/,"CALIFORNIA FIRE SYSTEMS, INC.",5,4,Rodney,Stufflebean,Owner,,http://www.linkedin.com/in/rodney-stufflebean-07383a10,HIGH,"Owner of a California fire systems contractor in Auburn, CA—title and location match the objective well and suggests direct buying authority. Research lacks clear tenure/age proof and the company details are thin (some pasted BuildZoom data appears mismatched), so retirement-likelihood is uncertain.","Owner / Decision-Maker: Rodney Stufflebean is listed as the Owner of California Fire Systems, Inc., indicating he has direct purchase and operational authority—making him a primary outreach target for BasisBoard. Owners typically influence or make final decisions on software and process changes. 

Local Small-to-Mid Contractor: Based in Auburn, CA with a small LinkedIn presence, the company profile signals a small-to-mid sized fire protection contractor—an ideal fit for BasisBoard’s SMB-focused bid management value proposition. Outreach can emphasize quick ROI and low-friction onboarding. 

High Project/Bid Activity Signal: BuildZoom records (for a related fire-safety contractor in the research) show ~25 projects in the past year and a high BuildZoom score, suggesting substantial bidding activity—meaning they likely have many bids to track and could benefit from bid automation. This indicates a concrete opportunity to reduce manual bid overhead. 

Likely Manual Bid Pain Points: As a small fire protection contractor, they likely manage bids via email and spreadsheets, creating risks of missed deadlines and rework—areas where BasisBoard’s automated capture, reminders, and collaborative dashboard directly address pain. Use messaging that reduces paperwork and prevents missed opportunities.",2026-03-21T22:59:02.194228+00:00,2026-03-21T22:59:02.194228+00:00
126,google_maps,Intech Fire Protection,ChIJ1zpCanCVwoARu5KskPrij54,"2306 W Burbank Blvd, Burbank, CA 91506, USA",Burbank,CA,(818) 827-5404,https://intechfp.com/about-us/,Intech Fire Protection,,0,Edmond,Aghamali,President,edmond@intechfp.com,http://www.linkedin.com/in/edmond-aghamali-184978122,HIGH,"President of a Burbank, CA fire protection contractor—good geography and decision-making seniority. Tenure as President since 2019 is solid, but there’s no evidence of 25+ years experience/50+ age and limited firm detail to gauge bid volume/GC work.","President — Key Decision‑Maker: Edmond Aghamali is the President of Intech Fire Protection, a role that implies high-level authority over purchasing and operational decisions, making him a primary contact for vendor outreach. Engaging him directly increases the chance of moving procurement conversations forward. 

Established Tenure & Stability: Aghamali has served as President since 2019 (≈7 years), indicating steady leadership and an openness to strategic operational improvements that deliver measurable ROI. Long tenure suggests he can champion and operationalize new tools across the business. 

Local SoCal Footprint: Intech Fire Protection operates in Los Angeles, Orange, and Ventura Counties with headquarters/lead based in Burbank, CA, matching BasisBoard's geographic target area and making implementation/logistics straightforward. Local presence increases relevance of region-specific bidding and compliance features. 

SMB Subcontractor — Fit for Bid Platform: Intech is a privately held subcontracting firm with an estimated 11–50 employees, a size that aligns with BasisBoard's core customer profile and typical ROI case for bid-management automation. Smaller teams often lack centralized bid/workflow tools, meaning quick adoption and visible efficiency gains are likely.",2026-03-21T22:59:02.194228+00:00,2026-03-21T22:59:02.194228+00:00
127,google_maps,Langkilde's Fire Protection,ChIJCZ3zhKVN6IARP1Ab63YSZ0I,"320 Lambert St, Oxnard, CA 93036, USA",Oxnard,CA,(805) 895-9838,https://langkildesfire.com/,LANGKILDE'S FIRE PROTECTION INC.,3,4,Alfred,Langkilde,President,al@langkildesfire.com,http://www.linkedin.com/in/alfred-langkilde-2ba47575,HIGH,"President of a CA fire protection contractor (also plumbing/GC), in Oxnard. Decision authority is strong, but the age/50+ signal is weak (incorporation 2011; no education/work timeline proving 25+ years).","Owner / Decision-Maker: Alfred Langkilde is listed as President of Langkilde's Fire Protection, indicating direct decision-making authority and an appropriate outreach target for procurement or platform adoption conversations.

Fire-Protection Specialty: The company operates as a fire protection contractor (also plumbing and general contracting) and provides installation, inspections, servicing and maintenance — a direct match to BasisBoard's focus on subcontractors in commercial construction.

Small SMB Profile: ZoomInfo estimates the business at 1–10 employees with under $5M revenue, making it a small-to-mid-sized contractor likely to be price- and efficiency-sensitive and receptive to tooling that reduces overhead.

Active Project Pipeline: BuildZoom shows a history of permits (tenant improvements, plumbing, fire sprinkler work) and the company website highlights commercial/residential projects, signaling ongoing bidding and project activity where bid-management improvements could deliver quick ROI.

Reputation & Succession Signal: The business holds an A+ BBB accreditation (since 2023) and Alfred's long tenure (company incorporated 2011) plus indicators that he is likely 50+ suggest both a focus on trust/reputation and potential openness to efficiency or succession conversations that increase company value.",2026-03-21T22:59:02.194228+00:00,2026-03-21T22:59:02.194228+00:00
128,google_maps,Nutech Fire Alarm & Security,ChIJK2Oj3rfNwoARK1hKGsAgs-s,"11223 Old River School Rd, Downey, CA 90241, USA",Downey,CA,(562) 946-3473,http://www.gmsnutech.com/,Nutech Fire Alarm & Security,,0,Jesse,Hernandez,President/CEO,jhernandez@gmsnutech.com,http://www.linkedin.com/in/jesse-hernandez-46b7a619,HIGH,"President/CEO of a fire alarm & security contractor—good decision authority and relevant trade. Age is only loosely inferred (DeVry; likely 40+/maybe 50), and tenure/company size details aren’t provided, so retirement-fit confidence is moderate.","Company Decision-Maker: Jesse Hernandez is President & CEO of Nutech, giving him high decision-making authority for purchasing and operational changes—an ideal champion for solutions that streamline bids and operations.

High Project Volume: Procore shows Nutech with 93 total projects (33 active) and an average project size of $3,040,932, indicating a heavy bid/workload where efficiency and centralized bid management would materially help their operations.

Small-to-Mid Business Profile: Estimated at ~11–50 employees and under $5M in revenue (Datanyze estimates ~15 employees / $3.8M), Nutech fits the SMB profile that benefits from lightweight, ROI-focused tools like BasisBoard.

Customer Service / Responsiveness Pain: Customer testimonials note clients switched to Nutech because competitors failed to return calls, highlighting responsiveness as a competitive edge and a pain point BasisBoard can address by preventing missed deadlines and lost bids.

Construction Network Engagement: Jesse’s LinkedIn activity (likes on project manager promotions, construction news) and a recommendation emphasizing reliability show he’s connected in the construction/security ecosystem and values project execution—useful rapport-building hooks for outreach.",2026-03-21T22:59:02.194228+00:00,2026-03-21T22:59:02.194228+00:00
129,google_maps,Alternative Fire Protection Services,ChIJv29EAbCZ3IAREN9oLZ4Re9U,"28497 CA-74 AH201, Lake Elsinore, CA 92532, USA",Lake Elsinore,CA,(951) 397-2704,https://altfirepro.com/,Alternative Fire Protection,4.7,15,,,,,,,,,2026-03-21T22:59:02.194228+00:00,2026-03-21T22:59:02.194228+00:00
130,google_maps,Gold Standard Fire Protection,ChIJX-xiEY0A3IARAkyZP_-dgKk,"3802 Rosecrans St #171, San Diego, CA 92110, USA",San Diego,CA,(858) 531-8473,http://goldstandardfire.com/,Gold Standard Fire Protection,4.9,115,Jade,Wiseman,President,jade@goldstandardfire.com,http://www.linkedin.com/in/jade-wiseman-02707b104,HIGH,"President at a San Diego-based fire suppression services contractor (commercial kitchen/restaurant focus) with 1-10 employees—good trade + size fit and clear decision authority. Tenure back to 2013 suggests stability, but retirement-age (50+) is not well supported in the research.","President / Decision-Maker: Jade Wiseman is the President of Gold Standard Fire Protection, which indicates she has executive-level authority to evaluate and purchase tools that impact operations and workflows—making her a direct decision-maker for BasisBoard outreach.

Small Business, Restaurant Focus: Gold Standard Fire Protection is a small (1–10 employees, <$5M) contractor specializing in commercial kitchen fire suppression for restaurants in San Diego—an ICP fit for BasisBoard's SMB workflow and bid-management value.

Operational Pain: Scheduling & Compliance: Their business requires recurring inspections, maintenance, scheduling, and regulatory compliance for kitchen suppression systems—clear operational workflows BasisBoard can streamline to reduce manual coordination and missed deadlines.

Active, Customer-Focused Leader: Jade is active on LinkedIn (engaging with posts) and customer reviews/testimonials emphasize professionalism and timely service—signals she is reachable via social outreach and likely values tools that improve client service and reliability.",2026-03-21T22:59:02.194228+00:00,2026-03-21T22:59:02.194228+00:00
131,google_maps,Chase Fire Protection,ChIJnePPrALBwoARKl1F3fFmHQ4,"350 N Glendale Ave, Glendale, CA 91206, USA",Glendale,CA,(818) 397-6081,http://chasefireprotectio.wix.com/chasefireprotection,CHASE FIRE PROTECTION,,0,Nadav,Padeh,Chief Executive Officer,,http://www.linkedin.com/in/nadav-padeh-5b3b3067,HIGH,CEO of a California fire suppression contractor (Glendale/Ontario service area) is a strong persona fit for BasisBoard. Procore adoption (since 2022; 19 active projects) signals active commercial workflow and email-driven coordination that BasisBoard can streamline. Retirement-age signal is unclear and tenure is solid but not very long (CEO since 2015).,"Long-tenured CEO: Nadav Padeh has served as CEO of Chase Fire Protection since January 2015 (11+ years), signaling leadership stability and a strong institutional knowledge of the business — a useful indicator when discussing long-term partnerships, succession planning, or acquisition interest.

CEO Decision-Maker: As Chief Executive Officer, Nadav is likely a primary decision-maker for vendor selection and strategic initiatives, making him an appropriate outreach target for offerings that impact operations, project delivery, or company growth.

Procore Platform Adopter: Chase Fire Protection joined Procore in July 2022 and currently shows active projects and platform usage (19 active Procore projects, 1 user), indicating willingness to adopt construction/project-management technology and potential openness to complementary tools or integrations.

Specialized Fire Protection Services: The company specializes in fire suppression, design, and engineering across commercial, healthcare, institutional, and residential sectors — a broad sector footprint that creates multiple use cases and procurement paths for solutions tailored to project delivery or compliance.

California Regional Focus: Nadav is based in Glendale, CA and Chase Fire Protection serves the Ontario, CA area, making the business a regional California target for local sales motions, in-person meetings, or region-specific regulatory/compliance solutions.",2026-03-21T22:59:02.194228+00:00,2026-03-21T22:59:02.194228+00:00
132,google_maps,Martinez Fire Protection,ChIJuxJHyhqAbIcR74By3DOiO4Q,"6632 Fig St, Arvada, CO 80004, USA",Arvada,CO,(303) 681-4860,http://martinezfireprotection.com/,Martinez Fire Protection Systems,4.6,11,,,,,,,,,2026-03-21T22:59:02.194228+00:00,2026-03-21T22:59:02.194228+00:00
133,google_maps,Aztec Fire Protection,ChIJuax027C5woARCLO0rMcb-i4,"5121 W Jefferson Blvd, Los Angeles, CA 90016, USA",Los Angeles,CA,(323) 939-3013,,Aztec Fire Protection,,0,David,Naim,Owner,david@aztecfireprotection.com,http://www.linkedin.com/in/david-naim-83a99334,HIGH,"Owner of a very small Los Angeles fire protection contractor with 37+ years in business—good owner/location/company-type fit. Limited evidence on the owner’s age and tenure, but the company’s long history and small size suggest operational pain that workflow automation could help.","Owner and Decision‑Maker: David Naim is listed as the Owner of Aztec Fire Protection, indicating he likely has purchasing and contract authority — a direct contact for solutions related to operations, maintenance, or compliance. Outreach should be owner‑level and value‑focused. 

Small, Local SMB: Aztec Fire Protection operates with a very small team (≈5 employees) and serves Los Angeles and surrounding counties, meaning decisions are fast but budget‑sensitive and operational bandwidth is limited. Position offers as time‑saving, low‑overhead, and ROI‑clear for a small contractor. 

Full‑Service Fire Protection Provider: The company provides design, installation, repair, inspections, engineering and retrofitting of sprinkler and fire protection systems — indicating recurring maintenance contracts, inventory needs, and field service coordination where tools, parts, or software could add value. 

Project Management & Code Compliance Pain: Public information emphasizes meticulous planning, coordination with general contractors, and navigating local codes — signaling pain around project scheduling, engineering coordination, and compliance tracking that a workflow, reporting, or compliance solution could address.",2026-03-21T22:59:02.194228+00:00,2026-03-21T22:59:02.194228+00:00
134,google_maps,Performance Systems Integration,ChIJpXQGDOQLm4AR3Ybx0ITm0Uw,"269 Technology Way STE 5, Rocklin, CA 95765, USA",Rocklin,CA,(888) 987-5322,https://summitfiresecurity.com/locations/rocklin/,"Integrated Fire Systems, Inc.",4.3,13,,,,,,,,,2026-03-21T22:59:02.194228+00:00,2026-03-21T22:59:02.194228+00:00
135,google_maps,Walschon Fire Protection System,ChIJwbyYyxqij4ARiKe_5tP1mzA,"2178 Rheem Dr, Pleasanton, CA 94588, USA",Pleasanton,CA,(650) 594-1588,http://www.walschon.com/,Walschon Fire Protection Inc,3,1,Jason,Hudgins,President,jason@walschon.com,http://www.linkedin.com/in/jason-h-057aa69a,HIGH,"President of a sizeable Bay Area sprinkler contractor (employee-owned 98% ESOP, 50+ employees) offering design/install/ITM/BIM. Strong contractor fit, but employee-ownership may reduce single-principal succession angle; age/tenure of Jason not provided.","President — Decision Maker: Jason H. is listed as President of Walschon Fire Protection Inc. (Jan 2025–Present), giving him top-level authority for purchasing and vendor selection—making him a primary outreach target for strategic platform deals.

NFPA 25 Compliance Expert: He previously oversaw NFPA 25 inspections, testing, and maintenance and serves as an NFPA25 Committee Member for Calfire, indicating a strong emphasis on regulatory compliance and inspection workflows where compliance/inspection tools can deliver clear ROI.

Service & Client-Management Leader: Long tenure at Walschon with senior roles (VP, Service; Director of Client Services) shows a service-first orientation and responsibility for field operations and client experience—areas where tools that improve communication, scheduling, and reporting resonate.

Tech-forward, Employee-Owned Contractor: Walschon is a 98% employee-owned company that uses 3D BIM design and coordination, suggesting openness to modern tech and employee-focused solutions—useful when positioning platforms that improve team efficiency and engagement.",2026-03-21T22:59:02.194228+00:00,2026-03-21T22:59:02.194228+00:00
136,google_maps,Liberty Fire Protection Systems,ChIJ-VOTtnkeD4gRF8fmzPksYjg,"4N949 Old Lafox Rd, St. Charles, IL 60175, USA",St. Charles,IL,(630) 443-7900,http://www.libertyfp.com/,Liberty Fire Systems Inc.,5,1,,,,,,,,,2026-03-21T22:59:02.194228+00:00,2026-03-21T22:59:02.194228+00:00
137,google_maps,City of Davis: Fire Department Headquarters (Station 31),ChIJDfFsywophYARLxJ9xRG-Rvs,"530 5th St, Davis, CA 95616, USA",Davis,CA,(530) 747-5400,https://www.cityofdavis.org/city-hall/welcome-to-the-fire-department,Canyon Fire Protection,4.6,7,,,,,,,,,2026-03-21T22:59:02.194228+00:00,2026-03-21T22:59:02.194228+00:00
138,google_maps,The Fire Sprinkler Company,ChIJ88zIBFnamoARcyGyBe-XBko,"480 Howe Ave, Sacramento, CA 95825, USA",Sacramento,CA,(916) 256-2445,http://www.thefiresprinklercompany.com/,The Fire Sprinkler Company,4.6,22,Narbeh,Nazaryan,President,narbeh@thefiresprinklercompany.com,http://www.linkedin.com/in/narbeh-nazaryan-b98680a7,HIGH,"President of a Sacramento fire sprinkler contractor—good persona and industry fit. However, age/retirement signal is weak and appears possibly younger based on 2011–2013 program dates, reducing fit to the 50+ objective. Still worthwhile as an owner-level operator likely managing bids via email.","President & Decision-Maker: Narbeh Nazaryan is listed as President of The Fire Sprinkler Company, indicating he likely has authority over technology and process decisions — a direct target for sales conversations about estimating/bid tools.

Full‑service Sprinkler Contractor: The company designs, installs, inspects, maintains and repairs fire sprinkler systems for residential and commercial projects in Sacramento, signaling recurring projects and workflow that generate frequent bids and inspections.

Likely Bid & Workflow Pain Points: As a specialty subcontractor handling diverse projects (residences, ADUs, tenant improvements, shopping centers), they likely manage high bid volume and manual tracking — a clear fit for BasisBoard's bid management and pipeline visibility value proposition.

Active in Construction Network: Recent LinkedIn activity shows Narbeh liking posts from construction firms (e.g., Unger Construction), indicating he is engaged with the local construction community and reachable via industry content or social outreach.",2026-03-21T22:59:02.194228+00:00,2026-03-21T22:59:02.194228+00:00
139,google_maps,Kimble Fire Protection,ChIJqZhb-Lgo3YARQZE0v3CJF-s,"15182 Bolsa Chica St, Huntington Beach, CA 92649, USA",Huntington Beach,CA,(714) 894-7310,http://www.kimblefire.com/,Kimble Fire Protection,5,4,Kyle,Howell,President,khowell@kimblefire.com,http://www.linkedin.com/in/kyle-howell-5a666117,HIGH,"President of a Huntington Beach, CA fire protection contractor is a good persona and location fit. However, ownership and 50+ signals are not well supported in the research, so it’s a mid-priority target compared to long-tenured founders.","President & Decision-Maker: Kyle Howell is listed as President of Kimble Fire Protection, indicating direct vendor decision authority — a primary target for outreach and contracting discussions.

California Mid‑Size Contractor: Kimble Fire Protection is headquartered in Huntington Beach, CA and is sized at 51–200 employees, matching your ICP of California-based, small-to-mid teams that could benefit from efficiency tools.

Compliance & Safety Focus: A January 2026 LinkedIn post highlights a refocus on compliance, safety, and preparedness — signaling receptiveness to solutions that streamline compliance, documentation, and audit readiness.

Bid Management & Coordination Pain: As a full-service fire protection contractor handling installations, inspections, and maintenance, Kimble likely manages high bid volume, addenda, and regulatory accuracy — clear opportunities for a bid/collaboration platform to improve win rates and reduce errors.

Contactable & Tech‑Aware: Contact details are available via ZoomInfo and Crunchbase and the company uses web tools (Google Tag Manager, WordPress, Cloudflare), indicating reachable stakeholders and some digital maturity for integration or outreach channels.",2026-03-21T22:59:02.194228+00:00,2026-03-21T22:59:02.194228+00:00
140,google_maps,Whittle Fire Protection,ChIJbWeJkxBo7IARqAzU8TEba90,"990 Olympic Way, Nipomo, CA 93444, USA",Nipomo,CA,(805) 929-4400,https://whittlefireprotection.com/,Whittle Fire Protection,4.3,6,Kristi,Whittle,Owner,kristi@whittlefire.com,http://www.linkedin.com/in/kristi-whittle-89a2a034,HIGH,"Owner at a small Central Coast CA fire protection contractor (<25 employees). Good persona and company fit, but no clear age/retirement indicators (no dates) and her background is more administrative/infrastructure than estimating/bid workflow.","Owner / Decision-Maker: Kristi Whittle is listed as an Owner of Whittle Fire Protection, indicating she has direct authority for purchasing and strategic decisions—an ideal outreach target for owner-focused solutions.

Small, Local Fire Contractor: Whittle Fire Protection is a Central Coast, CA fire-protection contractor with fewer than 25 employees and estimated revenue under $5M, fitting small-to-mid-market go-to-market criteria and likely to value efficiency gains.

Strong Reputation & Customer Focus: The firm emphasizes relentless customer service and responsiveness on its site, and has multiple positive customer reviews online—signals that improving service delivery or bid/response speed will resonate in outreach.

Proven Contractor Track Record: BuildZoom places Whittle Fire Protection in the top 10% of California licensed contractors (score 103) and shows at least 17 projects in the past three years, indicating active project volume and licensing maturity that align with tools for project/bid management.",2026-03-21T22:59:02.194228+00:00,2026-03-21T22:59:02.194228+00:00
141,google_maps,Sciens Cen-Cal Fire Systems Division,ChIJSeaZ2q4KkIARCyDvlzK_sk0,"1615 S Stockton St, Lodi, CA 95240, USA",Lodi,CA,(209) 334-9119,http://www.cen-calfire.com/,Cen Cal Fire Systems Inc,3.7,6,,,,,,,,,2026-03-21T22:59:02.194228+00:00,2026-03-21T22:59:02.194228+00:00
142,google_maps,Bay Hill Fire Protection,ChIJhSMALT9-j4ARVShgNd2d9nc,"2601 Mission St, San Francisco, CA 94110, USA",San Francisco,CA,(415) 335-6424,http://www.bayhillfire.com/,Bay Hill Fire Protection,4.5,16,Alfonso,Garcia,Owner,,http://www.linkedin.com/in/alfonso-garcia-0a01b814,HIGH,"Owner in San Bruno, CA providing extinguisher/emergency light/fire equipment sales & service. Good owner + CA fit, but more service/supply oriented than sprinkler/alarm contracting and no clear 50+ or long-tenure proof.","Owner and Decision-Maker: Alfonso Garcia is listed as the Owner of Bay Hill Fire Protection, indicating he likely has direct authority over purchasing and vendor decisions—making him a primary outreach target for a bid management/workflow platform.

San Bruno, CA Location: Based in San Bruno, California, he meets the geographic criteria for regional outreach and may prefer local vendors or in-person demos, which can inform outreach strategy and timing.

Fire Protection Services Focus: The company offers fire extinguishers, emergency lights, hoses and equipment sales/service—core contracting work that commonly involves bids, service schedules, and recurring maintenance contracts where workflow automation adds value.

Likely Bid & Scheduling Pain: As a small-to-mid-sized fire protection contractor, the business likely struggles with bid volume, manual tracking, service scheduling, and sales pipeline visibility—clear opportunities for a bid management/workflow platform to reduce manual work and improve win rates.

Limited LinkedIn Presence: Profile shows a small network (25 followers, 23 connections) and minimal public activity, suggesting outreach may perform better via phone, email, or direct outreach through the company website rather than relying on LinkedIn engagement.",2026-03-21T22:59:02.194228+00:00,2026-03-21T22:59:02.194228+00:00
143,google_maps,Ortiz Fire Protection,ChIJhUQi5DTR3IARmc3TH_wWbm4,"4065 E La Palma Ave # A, Anaheim, CA 92807, USA",Anaheim,CA,(714) 630-0950,http://ortizfireprotection.com/,Ortiz Fire Protection,2.6,5,Reggie,Shelton,President,reggie@ortizfireprotection.com,http://www.linkedin.com/in/reggie-shelton-0b978928,HIGH,"Listed as President at Ortiz Fire Protection (Irvine, CA), which is a good trade/location match. However, age/tenure evidence is thin and some research confusion exists (mix-up with another Reggie), so qualification confidence is moderate.","Company President / Decision-Maker: Reggie Shelton is listed as the President of Ortiz Fire Protection, indicating primary decision-making authority for purchasing and process changes — a direct target for BasisBoard's procurement/bid-management pitch.

Identified as Reggie Scott Shelton: BuildZoom lists Reggie Scott Shelton as an employee of Ortiz Fire Protection, helping confirm the contact identity for outreach and CRM enrichment.

Active in Commercial Renovations: Ortiz Fire Protection has worked on at least 11 projects in the last 3 years focused on commercial renovations, suggesting sustained bid volume and recurring project coordination needs where BasisBoard can reduce manual workflows.

Permit & Licensing Risk Signals: BuildZoom notes 'No active license on file' and an expired permit on recent records, indicating potential permit-management or compliance pain points that BasisBoard could help mitigate through better tracking and documentation workflows; California also enforces strict inspection/testing and licensing rules for fire protection contractors.",2026-03-21T22:59:02.194228+00:00,2026-03-21T22:59:02.194228+00:00
144,google_maps,Altamont Fire Protection LLC,ChIJRSsyowBg4osRqgm7Vf53IAM,"1256 W Lathrop Rd #1042, Manteca, CA 95336, USA",Manteca,CA,(925) 281-5100,https://www.altamontfireprotection.com/,Altamont Fire Protection,3,2,Richard,Frish,Company Owner,rfrish@altamontfireprotection.com,http://www.linkedin.com/in/richard-frish-b7234720,HIGH,"Owner/President at a Northern California fire protection firm (alarms/sprinklers) is a good persona/company fit. Age signal is only loosely inferred (education 2014–2016 suggests not 50+), making it weaker for the retirement-focused objective though still relevant for BasisBoard.","Owner & Decision-Maker: Richard Frish is the Owner and President of Altamont Fire Protection, giving him direct authority over purchases and operations decisions — a primary target for outreach about operational tools. Engaging the owner increases likelihood of fast evaluation and purchase decisions.

Active on LinkedIn: He has recent LinkedIn activity (company updates, likes on property management and hiring posts), indicating receptiveness to outreach and new ideas; social activity is a good trigger for timely, personalized messaging. Use recent posts as conversation openers.

Small, Growing Operation: Altamont Fire Protection is a small, locally focused fire-protection contractor (estimated revenue ≈ $279K) and is actively hiring a Fire/Sprinkler Inspector, signaling growth and potential increases in bid/project volume where process tools add value. Smaller firms scale faster with the right bid/project management solution.

Operational/Tech Gap Opportunity: No public evidence of a formal tech stack or bid-management platform and the company emphasizes budget-friendly, personalized service — a sign they may rely on manual processes. This creates a clear opening to position BasisBoard as a way to standardize bids, increase efficiency, and make the business more attractive for future succession or sale.",2026-03-21T22:59:02.194228+00:00,2026-03-21T22:59:02.194228+00:00
145,google_maps,Shield-Fire & Safety Solutions Inc.,ChIJm_UVy2qPj4ARLSvqIQKFgT0,"1647 Willow Pass Rd #1034, Concord, CA 94520, USA",Concord,CA,(877) 685-9270,https://shield-fire.net/,Phoenix Life Safety Inc,5,59,,,,,,,,,2026-03-21T22:59:02.194228+00:00,2026-03-21T22:59:02.194228+00:00
146,google_maps,Avalon Fire Protection,ChIJn98W2jnR3IARKiq3Z5iYtEU,"1261 N Lakeview Ave, Anaheim, CA 92807, USA",Anaheim,CA,(714) 238-9285,https://avalonfire.com/,Avalon Fire Protection,,0,Ryan,Parise,President,ryan@avalonfire.com,http://www.linkedin.com/in/ryan-parise-b881a320,HIGH,"President of a CA fire sprinkler contractor (~11 employees) is a good persona/company fit. Retirement-age signal is uncertain (experience suggests seasoned, but no strong dates), and company appears more residential/light commercial which may reduce bid volume vs commercial-heavy subs.","President & Decision-Maker: Ryan Parise is the President of Avalon Fire Protection, indicating top-level decision authority for purchases and vendor selection — a direct target for sales outreach. Engaging him can shorten procurement cycles compared with lower-level contacts.

Long Tenure & Executive Track Record: Parise has led Avalon since January 2014 and previously served as CEO of Pendent Corporation (2000–2012), signaling deep industry experience and likely authority over strategic initiatives. His background suggests receptiveness to solutions that improve operations or margins.

Small Team, Meaningful Revenue: Avalon operates with roughly 11 employees and an estimated $8M in revenue, indicating a compact organization with budget authority but potential capacity constraints — an ideal buyer for tools that reduce manual work or improve bid accuracy.

Relevant Service Mix & Pain Points: Avalon provides sprinkler design, installation, maintenance, and inspections — services that typically require managing bids, deadlines, and accurate cost estimates. Those operational pain points align directly with solutions that streamline estimating and project management.

Active Industry Engagement Online: Parise has recently liked LinkedIn posts about fire safety, motorsports (women in motorsports), and fire-life-safety job postings, indicating ongoing engagement with industry topics and recruitment — useful triggers for timely, topical outreach.",2026-03-21T22:59:02.194228+00:00,2026-03-21T22:59:02.194228+00:00
147,google_maps,Hedrick Fire Protection,ChIJvzqBuyczw4ARlGk_TDFufJw,"13309 Central Ave, Chino, CA 91710, USA",Chino,CA,(909) 613-0083,http://www.hedrickfireprotection.com/,HEDRICK FIRE PROTECTION,4.5,28,Robert,Hedrick,Managing Partner,robert@hedrickfireprotection.com,http://www.linkedin.com/in/robert-hedrick-994a23105,HIGH,"Managing Partner at a SoCal fire protection services company (11-50 employees, <$5M). Strong seniority and company fit, but founded 2014/started 2008 suggests potentially younger ownership and no clear 50+ proof.","Managing Partner Decision-Maker: Robert Hedrick is listed as a Managing Partner at Hedrick Fire Protection, indicating owner-level authority and likely influence over vendor selection and purchasing decisions — a direct outreach target for BasisBoard. This role-level signal suggests outreach should be framed around business impact and ROI. 

Fire Protection Contractor Fit: Hedrick Fire Protection offers fire extinguisher services, fire alarm installations, and fire sprinkler inspections, matching BasisBoard's target customer profile of fire protection contractors and contractors working on sprinkler programs. This service alignment makes the company a high-priority prospect. 

Small-to-Mid Business Profile: ZoomInfo estimates Hedrick Fire Protection at 11–50 employees with under $5M revenue and a 2014 founding — a size where lightweight, cost-effective tools like BasisBoard can win faster adoption and clear ROI. Positioning should emphasize simplicity and immediate operational benefits. 

Southern California Presence: Robert's LinkedIn lists Trabuco Canyon and the company serves Los Angeles/Southern California, indicating geographic proximity for in-person meetings, demos, or local references — useful for building trust and moving deals faster. 

Founding/Partner Ownership: Research shows Richard Hedrick as Founding Partner/Owner while Robert is Managing Partner, suggesting a compact ownership team and potentially centralized decision-making; outreach may need to engage both partners to close a deal.",2026-03-21T22:59:02.194228+00:00,2026-03-21T22:59:02.194228+00:00
148,google_maps,Station 1 Fire Protection,ChIJPy0lf3IUhYARTayCpq9xfPQ,"2351 N Watney Way, Fairfield, CA 94533, USA",Fairfield,CA,(707) 469-1427,http://www.station1fire.com/,Station 1 Fire Protection,,0,Richard,Norris,Owner,rnorris@station1fire.com,http://www.linkedin.com/in/richard-norris-93479240,HIGH,"Owner of a small (1–10) Fairfield, CA fire sprinkler business—good persona and location fit. Age/tenure are unknown, so it’s less aligned with the near-retirement objective, but still a relevant subcontractor likely to feel email-driven admin burden.","Owner / Decision-Maker: Richard Norris is listed as the Owner of Station 1 Fire Protection, meaning he likely has final authority over software and vendor decisions — a direct target for sales outreach. Engaging the owner reduces layers of approval and speeds evaluation.

Small, Local Fire Contractor: Station 1 Fire Protection is a small (1–10 employees) fire protection contractor based in Fairfield, CA — a company size and location that often benefits most from lightweight, easy-to-adopt tools like BasisBoard to streamline ops.

Proposal & Operations Pain Points: Fire protection firms commonly struggle with visibility into revenue mix, asset/system management, collections, and rapid proposal generation; faster proposals (within 24 hours) materially increase acceptance rates — a direct fit for a proposal/workflow solution.

Cloud-Friendly Tech Stack: ZoomInfo lists Amazon Web Hosting and Cloudflare DNS in the company's technology footprint, indicating basic cloud infrastructure familiarity that can lower friction for adopting a SaaS product like BasisBoard.",2026-03-21T22:59:02.194228+00:00,2026-03-21T22:59:02.194228+00:00
149,google_maps,Reep Fire Protection,ChIJuwpkj-KB3IAR8_W5oXwN8JU,"41340 Pear St, Murrieta, CA 92562, USA",Murrieta,CA,(951) 677-6575,http://reepfire.com/,Reep Fire Protection,5,12,Trevor,Reep,Chief Executive Officer,trevor.reep@reepfire.com,http://www.linkedin.com/in/treeprfp,HIGH,"CEO of a small (2–10) fire protection contractor with CA presence and multi-state footprint (CA + TX), good trade fit but retirement-age signal is unclear. Still a relevant subcontractor type for BasisBoard, though smaller teams may have lower bid volume and budget.","CEO with Decision Authority: Trevor Reep is the CEO of Reep Fire Protection, giving him direct decision-making authority over operations and software purchases — a primary buyer profile for BasisBoard outreach.

Family Succession Leader: Trevor took over the business after his father's passing in September 2021 and is focused on continuing the legacy, which suggests openness to process improvements that preserve and scale the company.

Small, High-velocity Contractor: The company is a small contractor (2–10 employees, under $5M revenue) that handles design, installation, inspection and service — indicating frequent bids and projects where bid/workflow automation could deliver outsized ROI.

Geographic Expansion — Texas: Reep Fire Protection lists a Texas location and expansion of sprinkler services to Texas, a sign of growing bid volume and new-market complexity where a bid-management platform could help standardize processes.

Existing Construction Tech User: Reep Fire Protection joined Procore in May 2024, indicating familiarity with construction software and a higher likelihood of evaluating complementary tools like BasisBoard.",2026-03-21T22:59:02.194228+00:00,2026-03-21T22:59:02.194228+00:00
150,google_maps,Conrad Fire Equipment,ChIJXxHYLvSVwIcRsZEdLU0meP4,"19922 W 162nd St, Olathe, KS 66062, USA",Olathe,KS,(913) 780-5521,http://www.conradfire.com/,Conrads Fire Protection,5,3,,,,,,,,,2026-03-21T22:59:02.194228+00:00,2026-03-21T22:59:02.194228+00:00
151,google_maps,Rainier Group Fire Systems,ChIJbXTQ-6_cwoARZZwUg3_fTVk,"2390 E Villa St, Pasadena, CA 91107, USA",Pasadena,CA,(626) 795-6986,https://www.trgfs.com/,TRG Fire Systems,4.3,6,Reiner,Santos,President,reiner@trgfs.com,http://www.linkedin.com/in/reiner-de-los-santos-41a6bb42,HIGH,"President of a Pasadena, CA fire/life safety contractor; title and industry fit are good. Age/retirement likelihood is not well substantiated (tenure and education dates not provided), so this is a decent but not top-priority lead versus better-proven 50+ owner profiles.","Company President / Decision-Maker: Reiner De Los Santos is listed as President of TRG Fire Systems, indicating direct decision-making authority and ownership influence—making him a primary target for conversations about operational tools or company transition. This role aligns him with purchase and strategic decisions relevant to BasisBoard's bid management platform.

Active on Industry Topics: LinkedIn activity shows engagement with posts about fire protection trends, business growth, and industry events, signaling receptiveness to ideas that improve operations or sales processes. This makes outreach about bid management efficiencies and best practices timely and relevant.

Long-Established, Family-Owned Business: TRG Fire Systems was founded in 1970 and is family-owned with a small-to-mid employee base, suggesting stable legacy operations where succession planning and modernization are realistic considerations. These characteristics increase the likelihood that executive-level conversations about process modernization or exit planning will resonate.

Operational Pain Points & Tech Openness: Company size (<50 employees) and an inferred manual bid process suggest challenges in managing high bid volume, pipeline visibility, and workflow efficiency—core problems BasisBoard solves. The firm's use of web technologies (WordPress, PHP, jQuery) indicates familiarity with web-based tools and potential openness to adopting a SaaS bid management platform.",2026-03-21T22:59:02.194228+00:00,2026-03-21T22:59:02.194228+00:00
152,google_maps,Fire Sprinkler Systems,ChIJTcFgPxnI3IARriwRITMNSeQ,"705 E Harrison St STE 200, Corona, CA 92879, USA",Corona,CA,(800) 915-3473,http://www.fireinc.net/,Fire Sprinkler Systems Inc.,4.5,19,,,,,,,,,2026-03-21T22:59:02.194228+00:00,2026-03-21T22:59:02.194228+00:00
153,google_maps,South West Fire Protection,ChIJO789tGVgw4ARQaboCZRCJvs,"20726 Del Oro Rd, Apple Valley, CA 92308, USA",Apple Valley,CA,(760) 240-5176,,Southwest Fire Protection Co.,4.9,8,,,,,,,,,2026-03-21T22:59:02.194228+00:00,2026-03-21T22:59:02.194228+00:00
154,google_maps,Faith Fire Protection,ChIJk8Pup0Yvw4AR1MfE4ZKWZUc,"425 W Allen Ave #105, San Dimas, CA 91773, USA",San Dimas,CA,(626) 963-7019,http://faithfiresafety.com/,Faith Fire Protection,,0,Faith,Loud,Owner,faith@faithfiresafety.com,http://www.linkedin.com/in/faith-investigations-mark-loud-89a38024,HIGH,"Owner of a San Dimas, CA fire protection business is a good trade/location fit, but the lead has naming inconsistency (listed as Faith, research references Mark Loud). Without clear verification of the correct principal and age/tenure, it’s a moderate-quality prospect.","Owner & Decision-Maker: Mark Loud is the founder/owner of Faith Fire Protection & Investigations since June 1999, making him the primary decision-maker for vendor selection and process changes — a direct contact for sales conversations. Targeting the owner shortens procurement cycles and increases conversion likelihood.

Long Tenure — Succession Candidate: With 26+ years running the business (since 1999), Mark likely falls into the 50+ age bracket and may be thinking about retirement, succession, or acquisition options — a timely trigger for outreach about exit planning or tools that increase company value. Positioning BasisBoard as a way to document processes and increase resale value could resonate.

Small Subcontractor — ICP Fit: Faith Fire Protection is a small, local fire-protection subcontractor (extinguishers, sprinklers, alarms, restaurant systems) that likely manages high bid volume via email — matching the seller's ICP for bid-management automation. This suggests an immediate value proposition for reducing manual bid work and improving win rates.

Certifications & Strong Reputation: Mark holds fire-investigation and inspection credentials (CFEI, CFII, CVFI) and the company has multiple local 'best of' recognitions plus a BuildZoom score of 94, signaling credibility and an established client base — helpful when positioning higher-trust, value-add services.",2026-03-21T22:59:02.194228+00:00,2026-03-21T22:59:02.194228+00:00
154,google_maps,Faith Fire Protection,ChIJk8Pup0Yvw4AR1MfE4ZKWZUc,"425 W Allen Ave #105, San Dimas, CA 91773, USA",San Dimas,CA,(626) 963-7019,http://faithfiresafety.com/,Faith Fire Protection,,0,Mark,Cfei,Owner,,http://www.linkedin.com/in/mark-loud-cfei-cfii-cvfi-3a913741,GOOD,"Owner of a business that includes fire protection but is heavily oriented to fire investigations (CFEI/CFII/CVFI) rather than contracting installation/ITM work. Could be adjacent to the target industry, but likely lower bid-inbox volume and weaker fit to subcontractor bid management.","Owner and Decision-Maker: Mark Loud is the owner of Faith Fire Protection & Investigations, giving him direct purchasing and operational authority—an ideal target for outbound sales about workflow or bidding tools. Outreach can be directed to him as the primary decision-maker. 

Certified Fire-Forensics Expert: He holds industry credentials (CFEI, CFII, CVFI), signaling deep domain expertise and credibility with clients and regulators; this makes him likely to value compliance, documentation, and audit-friendly workflows that BasisBoard can provide. 

Small, Local Contractor: Faith Fire Protection is a San Dimas, CA small business (estimated 1–10 employees), indicating limited internal resources and a higher propensity to adopt tools that simplify bid management and operations. Position BasisBoard as a time-saving, scalable solution for small contractors. 

High BuildZoom Score & Active Projects: The company has a high BuildZoom score (94) and documented projects like sprinkler installations and kitchen hood suppression upgrades, showing active contracting work and a need to manage bids, projects, and client documentation—areas BasisBoard can address.",2026-03-21T22:59:02.194228+00:00,2026-03-21T22:59:02.194228+00:00
155,google_maps,Raptor Fire Protection,ChIJ_xXnyYu3nIARP8DWLPdo9EM,"3000 Oro Garden Ranch Rd, Oroville, CA 95966, USA",Oroville,CA,(530) 552-1401,http://raptorfireprotection.com/,Raptor Fire Protection Inc,5,1,,,,,,,,,2026-03-21T22:59:02.194228+00:00,2026-03-21T22:59:02.194228+00:00
156,google_maps,"Pye-Barker Fire & Safety, formerly Aegis Fire Systems",ChIJYS2ZcKnpj4ARhLeDkneG4Wo,"500 Boulder Ct STE A, Pleasanton, CA 94566, USA",Pleasanton,CA,(925) 417-5550,https://pyebarkerfs.com/locations/pleasanton-ca/?utm_source=gmb&utm_medium=yext,Aegis Fire Systems,3.4,18,,,,,,,,,2026-03-21T22:59:02.194228+00:00,2026-03-21T22:59:02.194228+00:00
157,google_maps,Diamond Fire Protection LLC,ChIJBeaJzpHVJUwRnimg3lDVmAk,"42075 Remington Ave STE 103, Temecula, CA 92590, USA",Temecula,CA,(951) 579-4299,https://www.diamondfireco.com/,Diamond Fire Protection LLC,5,14,Bryant,Arias,President,barias@diamondfireco.com,http://www.linkedin.com/in/bryant-arias-0147a665,HIGH,"President of a small CA fire suppression contractor (2-10 employees), but education dates (2011–2014) strongly suggest not 50+. Good trade fit for BasisBoard, but low priority for the near-retirement owner objective.","Owner & Decision-Maker: Bryant Arias is President of Diamond Fire Protection LLC, indicating direct decision-making authority and budget influence — a primary target persona for sales outreach. Engaging him enables conversations with someone who can approve purchases or pilot projects. 

Fire Protection Engineering Background: Arias has a civil engineering background with specialization in fire protection and prior design roles at ADT Commercial, Titan Fire Protection, and Red Hawk — signaling technical fluency and the ability to evaluate product ROI on operational and compliance grounds. This makes technical/value-focused messaging more effective. 

Small Team — Operational Pain: Diamond Fire Protection is a 2–10 person firm, a size that commonly struggles with managing bid invites, deadlines, and project tracking — pain points BasisBoard addresses. Messaging that highlights time savings and bid/workflow visibility will resonate. 

Expansion Plans Underway: The company is targeting growth (goal to reach 10 permanent employees by May 2026 and opening a physical office/warehouse), creating near-term need for scalable processes and workflow tools that reduce administrative overhead. This creates an immediate window to position BasisBoard as a scaling enabler. 

Active & Innovative on LinkedIn: Diamond Fire Protection publicly posts technical/innovative content (e.g., using pools as emergency water sources for wildfire sprinkler systems in May 2025), indicating openness to new ideas and receptiveness to outreach via LinkedIn.",2026-03-21T22:59:02.194228+00:00,2026-03-21T22:59:02.194228+00:00
158,google_maps,Lighthouse Fire Protection,ChIJFYduuzch3YARvt3GxmIDCBo,"1345 Delaware St, Huntington Beach, CA 92648, USA",Huntington Beach,CA,(714) 943-0361,http://www.lighthousefireprotection.com/contact,Lighthouse Fire Protection,5,1,Robbie,Knowles,Owner,,http://www.linkedin.com/in/robbie-knowles-9325a5b5,HIGH,"Owner of a Huntington Beach, CA fire protection service company (extinguishers/restaurant hood systems). Good owner + location fit, but the education dates shown (2005–2012 range) suggest likely under 50, missing the near-retirement objective and leaning service-heavy rather than bid-heavy contracting.","Owner / Decision-Maker: Robbie Knowles is the owner of Lighthouse Fire Protection, meaning he likely has direct authority over purchasing and operational tool decisions — a primary target for outreach about bid and workflow software. Reaching the owner shortens the sales cycle and avoids gatekeeper delays.

Small Team, Manual Bids: LinkedIn lists Lighthouse Fire Protection as a 2–10 person company, which often indicates manual, email-driven bid and project management processes — a strong fit for a centralized bid management platform like BasisBoard. Small teams typically value efficiency gains and easy onboarding.

Broad Fire Protection Services: The company offers extinguisher recharges, inspections, installations, hood and sprinkler services across commercial, industrial, multi-family and restaurant clients — signaling many small, compliance-heavy projects that require tracking, documentation, and coordinated bidding. This service mix increases the value of a solution that centralizes bids, certificates, and compliance records.

Licensed and Local: Robbie is licensed by the California State Fire Marshal and the company services Orange, LA, Riverside and San Diego counties, indicating regulatory and regional compliance requirements that make organized bid and inspection records important. Emphasizing compliance and local responsiveness in outreach will resonate.",2026-03-21T22:59:02.194228+00:00,2026-03-21T22:59:02.194228+00:00
159,google_maps,"Performance Fire Systems, Inc.",ChIJdVaeAusp3YARhCd6seNo3ts,"11552 Knott St, Garden Grove, CA 92841, USA",Garden Grove,CA,(714) 794-9559,https://performancefiresystemsinc.com/,"Performance Fire Systems, Inc.",5,1,Brian,Durand,President,brian@pfiresys.com,http://www.linkedin.com/in/brian-durand-b721ba1b4,HIGH,"Founder/President of a CA fire protection company, so persona and trade fit are good and he likely controls operations/tooling decisions. But the company leadership started in 2020, which weakens the ‘near retirement/long-tenure’ signal and suggests a newer business rather than succession-driven.","Founder & President: Brian Durand is the founder and current President of Performance Fire Systems, Inc., indicating direct decision-making authority over operations and vendor selection—an ideal contact for sales outreach. His leadership role makes him a likely stakeholder for solutions that impact company efficiency or growth.

Hiring — Growing Headcount: A 2026 job posting for a Fire Technician - Alarm Systems signals the company is hiring and likely experiencing increased workload or bid volume; this growth may create openness to tools that streamline bidding, scheduling, or workforce management. Outreach positioning efficiency gains or bid-management support would be timely.

Regional Maintenance Demand: Industry coverage highlighting the importance of regular fire sprinkler maintenance in the Bay Area (norcalfire.com, 2024-01-07) suggests ongoing service demand in the region that Performance Fire Systems serves, making maintenance, compliance, and recurring-service solutions relevant conversation topics.

Industry Network & Referrals: Brian's LinkedIn 'People Also Viewed' connections include several professionals and companies in construction and engineering, indicating a relevant referral network and potential adjacent prospects. Leveraging shared connections or industry references could improve outreach credibility.

Succession / Retirement Opportunity: A Facebook group post notes some fire alarm contractors plan to retire or step back within five years, creating potential acquisition or partnership opportunities for vendors targeting consolidation or succession planning. Positioning services that facilitate transitions or digitize business processes could resonate.",2026-03-21T22:59:02.194228+00:00,2026-03-21T22:59:02.194228+00:00
160,google_maps,All Phase Fire Protection,ChIJAYzHzmsUw4ARAU79sDBjU-0,"8829 Silver Rock Rd, Piñon Hills, CA 92372, USA",Piñon Hills,CA,(760) 868-8410,,All Phase Fire Protection,5,2,Terri,Haider,Owner,,http://www.linkedin.com/in/terri-haider-a4511021,HIGH,"Listed owner of a CA fire protection business, but very limited verification signals (tiny LinkedIn network, no tenure/age, sparse company detail). Likely a small operator and could benefit from workflow tools, but qualification confidence is moderate.","Owner / Decision-Maker: Terri Haider is listed as the owner of All Phase Fire Protection on LinkedIn, indicating she likely has direct authority over vendor selection and procurement—use owner-level messaging and pricing in outreach.

Very Small LinkedIn Presence: Her LinkedIn shows only 1 follower and 1 connection, suggesting limited professional/social visibility; prioritize direct contact channels (phone/email) over social selling for initial outreach.

Fire Protection & Sprinkler Services: All Phase Fire Protection is listed in fire protection and sprinkler alarm systems, a vertical with recurring inspection, maintenance, and compliance needs—relevant for offerings that help schedule recurring work, manage inspections, or simplify compliance.

Unclaimed Yelp — Direct Phone Available: The business appears as unclaimed on Yelp but publishes a phone number ((760) 868-8410), indicating weak control of local listings but a clear direct contact path—good for immediate phone outreach or offering help to improve local presence.

Location Data Inconsistency: Sources list addresses in both Moreno Valley and Pinon Hills, CA, which could indicate multiple service areas or outdated listings—verify the correct service area when qualifying the lead.",2026-03-21T22:59:02.194228+00:00,2026-03-21T22:59:02.194228+00:00
161,google_maps,Raincross,ChIJM4ZOnbOv3IARkEpS2rXF_6I,"3784 Elizabeth St, Riverside, CA 92506, USA",Riverside,CA,(951) 200-4252,https://raincross.com/,Raincross Fire Protection INC,4.9,12,,,,,,,,,2026-03-21T22:59:02.194228+00:00,2026-03-21T22:59:02.194228+00:00
162,google_maps,WC Fire Protection Inc,ChIJUedy3dLd3IARm27vGaTZgaA,"2913 El Camino Real #317, Tustin, CA 92782, USA",Tustin,CA,(949) 303-3352,https://wcfireprotection.com/,WC FIRE PROTECTION,5,5,William,Nunez,Company Owner,william@wcfireprotection.com,http://www.linkedin.com/in/william-nunez-a83119121,GOOD,"Company owner of a newer firm (founded 2019) with trade fit, but age inference is questionable (training 2002–2007 more consistent with early/mid-career rather than 50+). Decent BasisBoard fit as an owner-operator, but not well aligned to the retirement-focused objective.","Owner and Decision-Maker: William Nunez is listed as the owner of WC FIRE PROTECTION, indicating he likely has direct purchasing and vendor-selection authority — a primary target for outreach about a bid management platform. Owners can pilot tooling and make fast decisions for small teams.

20+ Years Trade Experience: William has over 20 years of hands-on pipefitting experience, signaling deep operational knowledge of field workflows and project pain points — useful when positioning efficiency and reliability benefits. His background suggests credibility when discussing how software affects on-site work and estimating.

Small Contractor — Right Fit: WC FIRE PROTECTION is a 2–10 person fire protection contractor based in Tustin, CA offering design, installation, inspections and emergency services; this small-team profile matches BasisBoard's target customer who benefits from streamlined bid/workflow tools. Small crews often need systems to centralize invites, deadlines, and documentation.

Engaged with Industry Tech: William has liked LinkedIn posts about sprinkler systems, fire extinguishing systems, and remote monitoring, showing interest in product/technology updates — a signal he may be receptive to tools that improve operations or monitoring. Engagement with vendor/content posts is a warm signal for outreach and content-led conversations.

Likely Bid Management Pain: As a small fire-protection firm doing new construction, inspections, and repairs, WC FIRE PROTECTION likely handles bid invites, deadlines, and tracking manually — pain points BasisBoard solves by centralizing bid workflows and reminders. This operational context makes an ROI-focused outreach (time saved, fewer missed bids) relevant.",2026-03-21T22:59:02.194228+00:00,2026-03-21T22:59:02.194228+00:00
